Age,Gender,Weight (kg),Height (m),Max_BPM,Avg_BPM,Resting_BPM,Session_Duration (hours),Calories_Burned,Workout_Type,Fat_Percentage,Water_Intake (liters),Workout_Frequency (days/week),Experience_Level,BMI
50,Male,66.4,1.82,194,114,58,0.68,174.7,Yoga,26.8,2.15,2,2,20.05
53,Female,76.9,1.61,185,152,71,1.01,752.5,HIIT,34.7,2.01,2,2,29.67
37,Female,71.8,1.62,170,122,56,0.52,293.7,Strength,32.8,2.18,2,1,27.36
36,Female,79.4,1.66,185,135,70,1.16,626.1,Cardio,29.5,2.51,4,3,28.81
52,Male,73.2,1.72,171,140,68,1.21,622.2,Cardio,19.1,2.19,4,2,24.74
34,Male,62.7,1.77,193,158,62,0.54,184.5,Strength,14.6,2.11,3,1,20.01
51,Male,87.9,1.8,184,132,68,0.96,729.7,HIIT,19.0,2.45,3,2,27.13
26,Female,63.6,1.72,176,111,56,1.06,525.0,Cardio,22.0,2.37,5,2,21.5
43,Female,54.3,1.49,197,157,70,0.82,214.0,Strength,28.8,1.74,3,2,24.46
19,Female,60.4,1.61,170,119,58,1.22,461.2,Strength,22.2,2.2,4,2,23.3
26,Male,87.3,1.75,174,142,55,1.14,579.4,Strength,25.7,2.33,2,2,28.51
26,Female,58.2,1.47,179,151,74,1.65,910.8,HIIT,30.7,2.57,4,3,26.93
57,Female,62.9,1.63,191,122,68,0.91,481.2,HIIT,31.6,1.82,1,1,23.67
34,Male,43.6,1.64,190,156,62,0.56,120.7,Strength,23.5,1.75,1,1,16.21
18,Male,59.1,1.66,173,118,57,0.86,188.4,Yoga,24.6,2.12,4,1,21.45
42,Male,84.0,1.77,183,137,59,1.2,763.1,Cardio,9.0,1.77,2,2,26.81
57,Male,76.1,1.74,182,110,60,1.21,659.4,Cardio,24.4,2.23,3,2,25.14
59,Male,49.0,1.65,170,139,62,1.09,383.3,Cardio,12.5,2.36,5,3,18.0
42,Male,54.3,1.8,185,138,60,0.82,307.0,Cardio,19.1,2.08,6,2,16.76
56,Male,84.8,1.85,192,143,60,0.77,468.9,Cardio,27.5,1.7,4,2,24.78
52,Female,59.2,1.73,178,144,58,1.57,638.5,Cardio,20.5,2.24,5,3,19.78
20,Male,53.6,1.63,191,136,61,0.87,374.4,HIIT,28.0,2.47,3,1,20.17
54,Male,77.1,1.7,185,134,73,1.09,652.5,Cardio,13.6,1.87,6,3,26.68
47,Male,94.4,1.81,188,150,61,0.78,654.5,HIIT,15.1,2.32,3,1,28.81
55,Male,67.3,1.79,184,141,57,0.98,526.6,Cardio,16.6,1.9,3,2,21.0
51,Female,64.9,1.65,195,159,62,0.81,181.5,Yoga,21.3,2.33,5,2,23.84
29,Male,82.0,1.86,183,148,55,1.01,757.9,HIIT,21.3,2.27,3,2,23.7
36,Male,79.0,1.84,189,127,55,0.79,426.3,Cardio,27.7,1.87,1,1,23.33
54,Female,68.2,1.68,179,130,68,1.14,651.3,HIIT,26.0,1.65,1,1,24.16
34,Male,78.1,1.7,190,124,60,0.87,360.3,Strength,16.2,2.14,3,2,27.02
27,Female,60.1,1.68,181,138,64,0.91,553.5,HIIT,26.6,2.1,5,3,21.29
29,Male,52.3,1.71,197,136,68,0.54,192.9,Strength,13.0,1.95,3,1,17.89
33,Male,101.9,1.82,170,134,58,1.07,585.5,Strength,24.4,2.3,5,3,30.76
41,Female,73.5,1.61,190,118,60,0.66,418.8,HIIT,34.5,1.5,3,1,28.36
36,Female,49.5,1.59,186,121,70,0.79,180.7,Strength,26.6,2.09,5,2,19.58
25,Female,64.4,1.62,178,113,55,1.16,482.4,Cardio,32.2,2.42,4,2,24.54
48,Male,98.1,1.87,192,117,60,0.78,692.7,HIIT,24.2,2.19,2,2,28.05
38,Male,76.2,1.68,188,140,63,1.25,599.7,Strength,16.1,1.87,3,3,27.0
34,Female,65.3,1.59,194,125,69,1.4,578.8,Strength,32.7,2.69,5,2,25.83
40,Male,59.7,1.6,187,121,66,1.11,507.1,Cardio,22.9,2.29,1,2,23.32
54,Male,85.2,1.66,197,114,57,0.84,374.6,Strength,8.0,2.17,2,1,30.92
33,Male,75.3,1.74,176,140,65,1.12,195.0,Yoga,16.6,1.9,5,1,24.87
23,Male,69.5,1.78,178,144,69,1.0,548.2,Cardio,21.7,2.33,3,1,21.94
25,Female,77.6,1.68,191,118,57,1.11,497.8,Strength,32.7,1.65,3,2,27.49
42,Male,71.3,1.71,195,152,68,0.69,430.1,HIIT,27.4,1.66,1,1,24.38
35,Female,59.5,1.53,190,130,56,0.75,382.3,HIIT,30.3,2.33,4,1,25.42
42,Male,84.9,1.85,181,118,58,0.74,374.0,Strength,28.8,2.16,4,1,24.81
29,Male,76.9,1.72,176,137,73,0.67,254.0,Strength,21.1,1.99,3,1,25.99
32,Male,70.2,1.87,183,120,66,0.79,175.9,Yoga,26.8,2.26,2,1,20.07
43,Male,59.6,1.81,184,141,56,1.32,659.3,HIIT,21.1,2.6,5,3,18.19
58,Female,71.4,1.55,184,118,71,0.75,479.3,Cardio,26.4,2.18,3,2,29.72
43,Female,66.4,1.63,175,144,57,1.33,615.9,Cardio,25.2,2.23,3,2,24.99
49,Female,71.1,1.62,190,118,64,1.08,453.8,Strength,31.3,1.88,4,2,27.09
27,Female,46.7,1.66,183,138,70,0.7,190.2,Cardio,26.2,1.72,2,1,16.95
33,Female,78.8,1.67,171,140,63,1.29,734.1,Cardio,31.9,2.7,5,3,28.25
24,Female,58.9,1.64,177,110,65,0.94,201.5,Yoga,38.3,1.68,2,1,21.9
34,Male,56.6,1.65,182,134,69,0.46,233.7,Cardio,32.5,1.92,3,1,20.79
40,Male,68.6,1.7,192,128,57,0.98,635.6,HIIT,22.4,2.24,3,2,23.74
43,Male,61.5,1.75,175,133,70,0.51,223.0,Cardio,19.9,2.25,2,1,20.08
38,Male,87.5,1.91,174,118,66,1.53,1178.2,HIIT,15.0,2.56,4,2,23.99
39,Male,67.8,1.7,174,108,59,0.78,432.8,HIIT,25.4,1.84,5,1,23.46
24,Male,83.5,1.72,194,143,61,0.76,522.5,Cardio,18.0,1.83,4,2,28.22
31,Female,78.9,1.62,170,121,63,1.72,760.2,Strength,34.5,2.53,6,2,30.06
32,Male,82.5,1.66,178,137,72,0.64,396.2,Cardio,24.2,2.22,2,1,29.94
24,Male,50.7,1.78,175,116,62,0.96,192.6,Yoga,27.6,2.32,3,2,16.0
26,Male,67.8,1.83,189,130,66,0.72,169.9,Yoga,25.1,1.61,1,1,20.25
25,Male,47.9,1.73,195,146,74,0.83,216.4,Strength,12.7,2.08,5,2,16.0
40,Female,47.4,1.57,199,143,56,0.8,241.0,Strength,18.1,2.23,2,1,19.23
46,Male,67.1,1.77,176,123,64,0.56,184.5,Strength,24.2,1.76,5,2,21.42
35,Female,69.0,1.64,178,125,73,1.22,695.6,HIIT,25.5,1.58,2,2,25.65
48,Female,68.7,1.77,174,118,63,0.52,255.5,Strength,32.8,1.75,3,1,21.93
47,Male,65.2,1.72,183,118,62,1.17,534.2,Cardio,30.3,1.76,3,3,22.04
56,Male,74.9,1.74,174,116,55,1.4,572.0,Strength,16.3,1.85,4,3,24.74
52,Female,51.4,1.73,177,115,60,0.96,350.9,Cardio,33.3,2.4,4,2,17.17
35,Female,56.2,1.65,176,134,66,0.97,466.5,HIIT,26.3,2.84,3,2,20.64
59,Female,59.1,1.64,182,138,73,0.55,280.9,Cardio,28.1,2.24,2,1,21.97
56,Female,56.4,1.56,182,130,71,1.42,461.2,Strength,28.2,1.57,3,2,23.18
34,Male,73.6,1.74,177,118,56,0.86,449.0,Cardio,11.0,1.96,3,1,24.31
31,Male,80.7,1.64,180,121,65,0.53,260.6,Cardio,17.5,1.64,1,1,30.0
48,Male,82.7,1.73,197,145,72,1.29,606.5,Strength,31.5,1.83,4,3,27.63
41,Female,62.6,1.73,195,159,65,0.77,80.0,Yoga,23.7,2.1,5,2,20.92
52,Female,61.0,1.63,187,146,72,1.09,607.7,HIIT,32.4,2.1,3,1,22.96
51,Male,69.5,1.75,194,149,62,0.79,453.7,Cardio,22.1,1.62,4,1,22.69
20,Male,68.7,1.77,188,151,69,0.8,403.0,Cardio,21.4,1.36,4,2,21.93
54,Male,82.2,1.81,175,122,63,0.89,267.7,Yoga,22.6,1.85,1,1,25.09
57,Male,56.1,1.84,191,120,69,0.69,166.5,Strength,19.2,1.92,3,1,16.57
43,Female,61.9,1.5,171,129,61,0.49,302.5,Cardio,23.3,1.76,3,1,27.51
40,Female,93.2,1.74,197,131,74,1.08,345.9,Yoga,27.5,2.47,6,2,30.78
56,Female,57.9,1.59,182,136,67,1.07,576.6,HIIT,17.4,2.24,4,2,22.9
32,Male,66.8,1.71,192,149,67,0.98,172.5,Yoga,23.9,1.98,3,1,22.84
21,Male,71.2,1.7,194,149,55,1.01,185.2,Yoga,21.0,1.86,4,2,24.64
46,Female,86.0,1.75,197,136,74,0.77,195.8,Yoga,26.0,1.43,3,1,28.08
39,Female,55.2,1.56,195,137,58,1.03,462.3,Cardio,30.4,1.79,4,2,22.68
42,Female,64.9,1.53,180,133,58,1.57,689.7,Cardio,26.3,2.85,4,3,27.72
30,Female,75.9,1.71,170,135,58,0.94,397.9,Strength,30.1,2.32,4,2,25.96
35,Male,103.6,1.76,193,151,67,1.34,802.8,Strength,18.6,2.39,5,3,33.45
50,Male,68.7,1.74,171,142,56,1.37,561.6,Strength,26.0,2.17,6,3,22.69
33,Male,46.5,1.7,199,121,69,1.07,306.5,Strength,14.4,2.51,4,2,16.09
59,Male,55.9,1.75,186,129,58,0.93,232.9,Strength,25.8,1.75,5,2,18.25
19,Male,68.7,1.69,177,117,60,1.27,531.4,Strength,14.0,1.96,6,3,24.05
52,Male,87.1,1.76,171,107,57,0.73,465.9,Cardio,28.0,1.91,3,1,28.12
59,Female,58.9,1.66,175,143,61,1.14,445.8,Cardio,28.5,1.53,1,1,21.37
51,Male,65.9,1.69,191,158,60,1.16,424.9,Strength,17.9,1.88,3,3,23.07
47,Male,76.4,1.69,174,111,57,0.82,485.5,HIIT,17.4,1.92,3,2,26.75
30,Female,55.5,1.66,185,111,58,0.75,326.4,Cardio,17.1,1.81,3,1,20.14
30,Male,66.0,1.75,177,120,64,0.73,263.3,Strength,31.1,1.64,4,1,21.55
35,Male,55.9,1.7,188,150,63,1.04,472.4,HIIT,20.1,2.73,1,2,19.34
49,Female,84.9,1.72,185,123,60,0.91,418.8,Strength,28.8,2.45,2,2,28.7
49,Male,85.1,1.68,182,119,74,1.02,604.1,Cardio,16.6,2.63,3,2,30.15
52,Male,54.2,1.75,195,119,65,1.03,285.3,Strength,10.2,2.09,3,2,17.7
56,Male,76.8,1.81,189,131,61,1.18,569.8,Cardio,17.2,2.06,3,2,23.44
46,Male,90.7,1.75,176,148,72,1.02,210.7,Yoga,12.4,2.59,3,2,29.62
46,Female,68.8,1.64,185,122,58,1.02,502.1,Cardio,30.5,2.14,3,2,25.58
33,Female,46.3,1.45,192,132,59,1.1,442.3,HIIT,19.5,1.84,3,2,22.02
27,Female,48.5,1.65,185,113,58,1.17,452.4,Cardio,32.6,1.9,5,2,17.81
47,Female,86.6,1.74,198,138,58,0.55,240.1,Strength,24.1,1.73,3,1,28.6
42,Female,69.3,1.65,181,140,67,0.5,172.0,Strength,25.7,1.79,3,1,25.45
56,Male,52.3,1.7,183,126,70,1.59,586.6,Cardio,24.0,2.48,4,3,18.1
37,Female,79.2,1.66,193,131,68,0.89,384.8,Strength,37.6,1.98,4,1,28.74
22,Male,58.3,1.82,187,150,65,0.71,305.2,Cardio,28.0,2.63,3,1,17.6
18,Female,62.9,1.65,196,113,56,1.0,334.2,Strength,20.3,1.69,4,2,23.1
47,Female,60.2,1.62,197,148,68,1.17,415.3,Strength,21.7,2.4,4,3,22.94
20,Male,94.4,1.76,187,129,61,0.79,507.5,Strength,23.4,1.83,2,1,30.48
31,Male,73.6,1.79,185,126,65,0.56,90.6,Yoga,26.8,1.82,4,1,22.97
47,Male,68.7,1.73,189,141,58,0.92,367.8,Strength,34.4,2.33,2,1,22.95
21,Male,56.8,1.75,185,147,61,1.04,330.3,Strength,19.3,1.59,2,2,18.55
35,Female,54.9,1.6,182,137,70,0.79,357.9,Cardio,31.6,1.69,2,1,21.45
54,Female,61.3,1.72,195,115,60,0.57,202.8,Strength,41.5,1.8,4,1,20.72
42,Male,65.6,1.77,198,137,60,0.85,472.8,HIIT,29.3,2.45,2,1,20.94
18,Male,63.8,1.63,178,125,56,1.08,455.4,Cardio,35.6,2.59,5,3,24.01
32,Male,44.1,1.66,195,141,62,0.61,266.5,HIIT,24.4,2.25,2,1,16.0
26,Male,57.5,1.79,197,147,61,0.77,279.2,Cardio,10.3,1.3,3,1,17.95
32,Male,64.9,1.66,178,113,68,1.5,923.5,HIIT,14.7,2.09,4,2,23.55
41,Male,76.7,1.77,182,132,63,1.28,737.4,Cardio,27.0,1.97,3,3,24.48
21,Female,60.5,1.62,198,147,69,0.49,92.4,Yoga,18.5,1.78,4,2,23.05
29,Male,70.5,1.72,173,125,72,1.12,387.4,Strength,16.4,1.62,3,3,23.83
54,Male,63.9,1.69,178,137,66,1.39,674.1,Cardio,16.2,2.66,4,3,22.37
54,Female,55.3,1.52,184,126,73,0.52,274.2,Cardio,42.5,1.21,2,1,23.94
23,Male,90.0,1.87,183,126,67,1.17,569.7,Strength,21.5,2.51,5,2,25.74
56,Female,65.8,1.6,188,155,61,0.78,124.3,Yoga,21.2,2.23,3,1,25.7
41,Female,62.1,1.71,181,125,64,1.2,539.3,Cardio,29.4,1.89,3,2,21.24
28,Male,79.9,1.7,190,130,64,0.64,391.2,Cardio,11.0,2.26,2,1,27.65
30,Male,68.7,1.67,195,141,56,0.62,216.1,Strength,11.7,1.77,3,1,24.63
51,Male,88.6,1.75,194,161,68,1.36,707.3,Strength,20.1,2.14,4,3,28.93
42,Male,83.9,1.68,175,147,67,0.75,427.0,Strength,21.2,1.82,4,1,29.73
24,Male,48.4,1.63,172,128,60,1.24,553.4,HIIT,26.1,2.14,4,3,18.22
21,Female,53.3,1.61,195,116,63,1.06,398.6,Cardio,22.5,2.06,2,1,20.56
25,Male,89.3,1.81,194,158,67,0.87,250.7,Yoga,16.5,1.96,2,1,27.26
37,Male,49.5,1.69,191,140,63,0.85,281.5,Strength,21.4,1.74,3,3,17.33
46,Male,93.0,1.77,189,131,67,1.16,792.4,Cardio,26.3,2.0,1,2,29.68
27,Female,59.4,1.62,185,146,59,1.14,628.8,HIIT,29.1,2.01,3,2,22.63
51,Male,81.5,1.76,199,139,68,0.99,477.7,Strength,18.1,2.6,2,1,26.31
43,Male,65.6,1.67,189,113,59,0.81,261.0,Strength,14.3,1.81,4,2,23.52
58,Male,55.2,1.73,193,152,63,1.06,344.4,Strength,15.2,1.95,3,2,18.44
20,Female,60.2,1.46,192,139,62,1.02,393.7,Cardio,12.4,2.57,6,2,28.24
23,Male,109.7,1.77,186,126,61,0.81,468.7,Strength,20.0,1.89,4,2,35.02
22,Female,63.4,1.7,185,122,62,1.44,319.7,Yoga,32.4,2.1,3,3,21.94
22,Female,61.1,1.64,175,129,57,0.95,457.7,Cardio,27.1,1.74,2,2,22.72
40,Male,45.7,1.69,177,120,69,1.48,366.0,Strength,24.6,1.96,5,3,16.0
26,Female,72.5,1.57,188,127,62,0.85,622.9,HIIT,31.2,2.17,3,2,29.41
52,Male,86.6,1.77,199,145,55,0.71,132.1,Yoga,19.5,1.38,2,2,27.64
37,Female,48.2,1.68,194,155,61,0.7,179.8,Strength,17.3,2.32,2,1,17.08
59,Female,38.9,1.56,195,145,73,0.8,184.4,Strength,27.9,1.95,2,1,15.98
52,Male,46.3,1.69,171,133,56,1.14,181.7,Strength,23.3,2.05,6,3,16.21
35,Male,84.2,1.78,183,145,68,0.25,80.0,Yoga,21.2,1.58,2,1,26.57
34,Female,78.9,1.71,191,147,72,0.83,151.5,Yoga,16.2,2.14,2,1,26.98
41,Male,57.3,1.68,181,123,69,0.83,302.4,Cardio,20.2,1.86,4,1,20.3
20,Male,89.0,1.85,186,151,68,0.89,430.4,Strength,10.2,1.98,3,1,26.0
49,Male,85.2,1.86,197,142,73,1.17,482.4,Strength,20.5,2.52,4,3,24.63
52,Female,65.1,1.7,196,124,73,1.16,647.3,HIIT,38.6,2.3,4,3,22.53
55,Female,72.3,1.61,184,126,71,1.29,447.5,Strength,30.6,1.9,2,2,27.89
30,Male,60.1,1.77,187,149,73,0.43,237.5,HIIT,23.8,1.55,3,1,19.18
42,Male,93.7,1.81,185,119,70,0.95,271.2,Yoga,21.2,1.54,5,2,28.6
26,Male,69.1,1.81,182,123,74,1.03,504.6,Cardio,22.8,2.3,5,2,21.09
21,Female,76.7,1.57,190,148,73,1.37,805.4,Cardio,28.3,2.54,3,3,31.12
31,Male,64.7,1.8,186,148,55,1.03,359.4,Strength,16.3,1.84,4,2,19.97
54,Female,61.5,1.65,177,138,73,0.57,194.4,Strength,22.9,2.53,3,1,22.59
51,Male,82.0,1.84,170,113,61,1.23,698.6,Cardio,22.3,2.97,3,2,24.22
28,Female,66.7,1.66,198,121,65,1.25,515.3,Cardio,33.0,2.26,4,3,24.21
58,Male,79.5,1.75,194,142,59,0.67,473.6,HIIT,17.0,1.66,2,2,25.96
20,Male,65.2,1.86,195,123,71,1.04,192.4,Yoga,13.6,2.21,4,2,18.85
45,Male,65.7,1.66,196,145,65,0.85,379.5,Strength,20.2,1.76,1,1,23.84
46,Female,60.5,1.57,172,115,62,1.39,495.2,Strength,26.2,2.62,3,2,24.54
26,Female,60.3,1.66,185,151,64,1.08,458.0,Cardio,31.5,2.2,4,2,21.88
20,Male,81.2,1.78,197,140,66,0.45,334.5,HIIT,15.8,1.84,1,1,25.63
42,Female,50.1,1.64,171,115,64,0.71,356.4,HIIT,28.4,2.45,2,2,18.63
51,Female,50.4,1.49,184,149,67,1.0,301.5,Strength,34.0,1.91,4,1,22.7
29,Female,56.4,1.64,170,120,72,0.59,309.2,Cardio,16.6,1.68,3,1,20.97
59,Male,75.2,1.82,178,122,64,0.44,209.5,Cardio,21.8,2.02,2,1,22.7
26,Male,89.2,1.73,185,151,73,0.95,656.4,Cardio,18.4,1.94,3,1,29.8
32,Male,105.6,1.88,173,124,74,0.9,512.6,Strength,10.6,2.52,4,2,29.88
57,Female,75.4,1.61,181,131,71,0.94,645.6,HIIT,20.5,2.36,4,1,29.09
42,Female,58.1,1.62,170,124,74,0.57,80.0,Yoga,25.7,1.73,1,1,22.14
22,Female,70.7,1.6,170,114,70,1.54,600.9,Strength,18.9,1.88,3,3,27.62
28,Male,73.2,1.73,176,107,59,1.17,779.3,HIIT,22.0,1.77,4,2,24.46
51,Male,74.9,1.76,187,142,57,0.86,217.0,Yoga,23.6,1.87,4,2,24.18
41,Female,59.1,1.58,192,146,69,0.42,183.3,Cardio,29.9,1.87,1,1,23.67
32,Female,80.4,1.61,197,126,56,1.46,554.6,Strength,27.2,2.71,3,2,31.02
55,Female,64.5,1.48,192,130,67,0.71,134.3,Yoga,29.2,1.86,2,1,29.45
25,Female,79.8,1.72,184,151,62,1.1,547.9,Strength,30.7,1.89,5,3,26.97
22,Female,59.0,1.59,195,163,71,1.03,178.9,Yoga,20.8,2.08,3,1,23.34
43,Male,65.8,1.65,199,138,58,1.19,294.8,Yoga,21.8,2.22,2,2,24.17
35,Male,82.8,1.78,194,155,73,0.99,732.9,HIIT,30.0,2.49,3,1,26.13
23,Female,54.7,1.58,182,141,63,0.98,419.6,HIIT,22.2,2.46,3,2,21.91
54,Female,78.3,1.68,185,127,69,1.38,955.2,HIIT,29.8,2.03,2,2,27.74
30,Male,60.1,1.72,176,111,63,0.74,377.9,HIIT,17.5,2.08,3,2,20.32
45,Male,64.6,1.59,185,118,63,0.64,221.2,Strength,29.4,1.63,2,1,25.55
22,Female,46.8,1.71,182,147,68,1.08,320.8,Cardio,32.8,1.9,4,2,16.0
30,Male,69.1,1.78,183,144,70,1.48,569.4,Strength,19.0,2.7,4,3,21.81
34,Male,94.5,1.71,186,144,71,1.38,1160.6,HIIT,8.1,2.27,5,3,32.32
57,Male,82.3,1.71,181,118,67,0.73,489.2,Cardio,15.5,2.13,1,1,28.15
49,Female,77.2,1.6,198,147,63,0.65,317.2,Cardio,27.9,2.05,2,1,30.16
46,Female,54.6,1.6,193,152,69,1.48,598.6,Cardio,18.9,2.36,5,3,21.33
20,Male,80.0,1.81,193,154,61,1.15,844.4,HIIT,23.7,2.29,4,2,24.42
57,Female,73.6,1.59,189,109,55,0.83,214.3,Yoga,30.7,2.06,4,2,29.11
51,Male,77.6,1.71,182,136,55,1.07,234.6,Yoga,29.0,1.8,5,3,26.54
57,Male,79.7,1.75,193,113,59,1.14,515.0,Strength,25.6,2.33,4,3,26.02
44,Female,87.2,1.69,189,145,63,0.87,241.7,Yoga,27.5,1.81,4,2,30.53
30,Female,48.9,1.57,184,139,66,0.96,356.6,HIIT,19.1,1.76,4,1,19.84
50,Female,62.6,1.64,193,120,60,0.84,279.9,Strength,34.0,2.26,2,1,23.27
23,Female,44.6,1.62,190,149,67,1.11,274.5,Strength,27.8,1.99,5,2,16.99
41,Female,57.4,1.71,173,109,62,0.79,333.8,Cardio,30.4,2.31,3,1,19.63
36,Male,91.7,1.8,191,153,69,0.8,223.0,Yoga,18.9,2.31,2,1,28.3
33,Male,71.1,1.87,171,115,60,0.43,187.8,Strength,25.8,1.61,2,1,20.33
57,Male,94.2,1.87,197,148,60,0.91,555.1,Strength,13.0,2.37,3,1,26.94
45,Male,99.3,1.8,187,151,58,0.89,771.6,HIIT,9.7,1.92,4,2,30.65
50,Female,58.9,1.59,171,120,65,0.99,340.1,Strength,18.6,2.07,4,2,23.3
58,Male,71.9,1.66,194,142,72,0.91,528.7,Cardio,15.9,2.19,3,2,26.09
30,Female,65.6,1.56,184,128,57,0.78,213.1,Strength,39.2,2.58,1,1,26.96
42,Female,58.5,1.75,199,122,57,1.36,590.4,Cardio,28.8,2.6,5,3,19.1
59,Female,62.2,1.7,195,144,66,0.55,240.7,HIIT,29.4,1.81,1,1,21.52
53,Male,60.5,1.74,188,144,60,1.05,441.3,Strength,16.9,2.16,2,2,19.98
44,Female,66.2,1.74,184,149,60,1.16,448.7,Strength,29.0,1.72,4,3,21.87
55,Male,91.9,1.85,195,155,62,1.01,532.6,Strength,21.0,2.41,1,1,26.85
24,Male,67.0,1.76,189,138,69,0.78,216.2,Strength,23.1,2.24,4,2,21.63
22,Female,62.6,1.62,179,142,72,1.05,346.0,Strength,24.4,2.22,4,3,23.85
48,Male,58.7,1.72,197,158,74,0.68,339.3,HIIT,10.9,2.12,3,1,19.84
40,Male,86.5,1.73,193,140,70,0.81,701.2,HIIT,22.9,1.38,2,2,28.9
59,Female,55.2,1.59,189,117,60,0.96,506.1,HIIT,29.9,1.75,3,2,21.83
27,Male,91.1,1.74,180,131,71,0.64,108.8,Yoga,17.9,2.42,3,1,30.09
49,Female,66.8,1.66,195,155,63,1.27,636.9,Cardio,23.9,2.18,5,3,24.24
47,Female,51.9,1.68,179,138,73,1.45,359.2,Strength,23.9,2.6,5,3,18.39
56,Female,62.7,1.64,198,154,72,1.01,124.8,Yoga,28.9,1.88,3,2,23.31
48,Male,57.1,1.7,192,121,59,0.78,266.3,Strength,20.8,1.84,2,1,19.76
35,Male,80.7,1.75,174,144,60,0.54,347.3,Cardio,17.0,2.38,3,1,26.35
53,Female,58.8,1.6,178,127,66,0.97,336.1,Strength,32.7,2.03,1,2,22.97
19,Male,82.6,1.83,189,143,65,0.67,478.4,Cardio,26.0,2.06,3,1,24.66
31,Female,62.1,1.66,188,118,70,1.14,530.5,Cardio,41.3,2.22,4,2,22.54
30,Female,58.6,1.64,182,122,74,0.85,156.2,Yoga,28.2,2.08,2,2,21.79
46,Female,56.1,1.67,187,149,71,0.83,210.8,Strength,25.7,2.06,3,2,20.12
29,Male,90.6,1.82,186,157,74,1.06,734.0,Cardio,16.8,1.54,5,2,27.35
56,Male,83.3,1.89,196,131,63,1.15,221.3,Yoga,20.8,2.33,3,1,23.32
19,Female,67.3,1.72,175,105,55,0.71,224.2,Yoga,30.6,1.76,3,1,22.75
49,Male,64.7,1.67,179,121,57,0.78,316.0,Strength,26.1,2.5,3,1,23.2
30,Male,64.4,1.74,171,107,63,1.19,669.9,Cardio,17.7,1.98,5,2,21.27
44,Female,58.3,1.6,193,129,73,1.1,592.7,HIIT,25.2,2.02,4,2,22.77
58,Female,62.0,1.58,175,139,67,1.1,650.6,HIIT,23.3,2.89,3,2,24.84
34,Female,56.1,1.68,197,162,68,0.98,483.7,HIIT,22.9,2.31,4,2,19.88
57,Female,67.0,1.81,197,127,74,1.23,245.5,Yoga,34.7,1.94,4,3,20.45
48,Male,91.4,1.76,190,143,73,0.6,451.5,HIIT,25.4,1.91,2,1,29.51
51,Female,64.4,1.69,182,120,61,0.85,340.9,Cardio,29.1,1.64,2,1,22.55
41,Female,55.8,1.6,187,116,58,0.84,429.4,HIIT,31.1,2.08,3,1,21.8
52,Male,59.0,1.78,176,118,66,1.14,372.8,Strength,19.3,1.94,3,2,18.62
23,Male,87.8,1.79,171,130,68,0.65,470.6,HIIT,14.3,2.45,2,1,27.4
36,Female,48.1,1.56,198,116,56,1.42,344.6,Strength,27.8,2.48,3,3,19.76
47,Female,56.8,1.54,183,126,55,1.23,510.3,Cardio,31.8,2.4,5,2,23.95
24,Female,44.5,1.61,174,118,72,1.01,206.7,Strength,37.2,2.39,4,3,17.17
27,Female,75.2,1.66,187,130,74,1.19,512.8,Strength,20.3,2.53,4,3,27.29
58,Male,79.1,1.66,180,117,62,0.99,393.8,Strength,19.9,1.89,2,1,28.71
49,Male,72.3,1.67,179,144,57,0.87,360.7,Strength,8.0,2.05,4,2,25.92
51,Female,46.9,1.62,180,138,60,1.11,244.0,Strength,27.9,2.03,4,2,17.87
45,Female,76.3,1.67,196,158,67,0.75,469.2,HIIT,25.6,2.58,2,1,27.36
32,Female,43.5,1.45,171,121,63,0.82,165.4,Cardio,32.0,1.31,3,1,20.69
47,Female,47.6,1.57,184,125,63,1.01,426.3,HIIT,24.1,1.93,4,2,19.31
54,Male,71.2,1.78,176,128,74,0.9,634.9,HIIT,32.8,2.02,2,1,22.47
46,Male,68.6,1.75,178,110,63,0.8,549.8,HIIT,30.5,2.02,2,2,22.4
39,Female,64.3,1.71,174,138,69,0.82,306.7,Strength,28.7,2.03,4,2,21.99
21,Female,71.7,1.57,176,124,67,1.04,143.7,Yoga,33.8,2.11,2,1,29.09
37,Female,93.7,1.71,189,131,70,1.42,1003.1,Cardio,27.7,2.3,4,2,32.04
49,Female,46.8,1.59,171,126,56,0.75,264.8,Cardio,24.7,2.02,3,1,18.51
53,Female,55.1,1.61,172,125,68,1.34,395.1,Strength,21.8,2.44,4,2,21.26
21,Male,81.4,1.82,171,143,60,0.6,404.1,Cardio,16.8,2.4,2,1,24.57
44,Male,71.9,1.79,190,126,56,1.14,270.5,Yoga,37.0,2.72,4,3,22.44
34,Male,75.7,1.72,191,141,62,1.04,652.1,Cardio,28.2,2.21,1,1,25.59
29,Female,70.8,1.6,192,126,58,0.91,523.6,HIIT,32.4,1.9,2,1,27.66
39,Male,80.8,1.73,188,158,68,1.07,725.0,HIIT,19.3,2.01,3,1,27.0
34,Male,73.7,1.67,173,125,65,0.84,404.7,Cardio,25.1,1.61,4,1,26.43
27,Male,99.3,1.8,193,146,68,0.55,292.9,Strength,24.8,2.12,4,1,30.65
18,Male,61.0,1.86,189,121,66,1.04,525.7,Cardio,14.3,2.11,4,2,17.63
39,Female,69.1,1.52,176,140,70,1.24,452.4,Strength,17.6,2.38,5,2,29.91
43,Male,74.0,1.82,197,128,60,0.72,364.1,Cardio,16.7,2.03,2,1,22.34
35,Male,78.4,1.7,191,139,74,0.69,179.0,Yoga,20.9,1.7,1,1,27.13
31,Female,63.7,1.79,176,141,55,1.1,243.9,Yoga,28.8,1.91,5,2,19.88
46,Male,58.2,1.69,186,155,66,0.89,287.9,Cardio,26.1,1.9,4,2,20.38
29,Male,68.2,1.6,188,131,61,0.81,444.1,Cardio,18.4,2.13,1,1,26.64
53,Male,49.9,1.75,191,151,62,1.26,539.7,HIIT,20.7,2.23,6,3,16.29
52,Female,68.0,1.56,185,114,63,0.65,317.9,Cardio,31.3,1.36,2,1,27.94
29,Male,96.2,1.82,172,137,56,1.2,403.1,Yoga,21.9,1.91,3,2,29.04
24,Female,59.4,1.55,184,141,71,0.88,282.6,Strength,32.7,1.95,4,1,24.72
46,Male,80.5,1.81,183,136,74,0.68,243.7,Strength,10.9,1.9,4,1,24.57
28,Male,58.3,1.68,184,150,67,1.25,596.9,HIIT,26.8,2.4,3,3,20.66
50,Male,84.6,1.78,183,145,59,0.7,328.8,Strength,19.7,1.93,4,1,26.7
23,Male,87.8,1.86,176,120,64,0.87,215.8,Yoga,8.0,1.91,4,2,25.38
32,Female,48.2,1.54,194,153,66,0.41,80.0,Yoga,37.4,1.63,2,1,20.32
49,Female,67.9,1.74,172,115,71,0.9,429.2,Cardio,39.0,2.1,3,2,22.43
28,Female,63.6,1.65,199,156,60,1.13,573.3,Cardio,26.1,2.3,6,3,23.36
40,Male,67.1,1.73,186,139,57,0.77,156.0,Yoga,17.0,1.86,1,1,22.42
43,Male,53.6,1.7,179,116,69,1.34,145.0,Yoga,8.0,1.98,6,3,18.55
51,Female,72.1,1.64,184,140,61,0.84,473.9,Cardio,23.5,1.97,4,2,26.81
51,Male,61.9,1.64,198,143,60,1.07,672.3,HIIT,26.4,1.95,4,2,23.01
46,Male,70.4,1.71,175,129,58,0.81,323.9,Strength,28.4,2.07,4,2,24.08
21,Male,72.6,1.83,197,135,73,1.22,654.6,Cardio,16.4,2.68,6,3,21.68
34,Male,66.3,1.6,186,122,59,0.63,94.1,Yoga,31.3,1.47,5,1,25.9
52,Female,58.8,1.54,186,143,57,0.9,375.9,Cardio,32.1,2.39,2,1,24.79
30,Female,77.6,1.64,183,122,63,1.27,315.8,Yoga,26.9,2.4,5,3,28.85
58,Female,73.2,1.68,193,134,60,0.98,567.9,Cardio,32.0,2.42,5,2,25.94
56,Male,67.8,1.71,194,149,67,0.62,252.0,Strength,24.4,1.74,2,1,23.19
32,Male,61.5,1.71,187,122,74,0.93,489.4,Cardio,19.9,1.62,4,2,21.03
46,Male,82.2,1.73,194,141,58,1.37,631.4,Strength,13.3,2.38,5,2,27.47
46,Male,66.1,1.7,174,128,56,0.65,341.8,HIIT,13.3,2.31,1,1,22.87
28,Male,66.6,1.69,198,148,58,0.85,368.7,Cardio,15.6,1.69,3,1,23.32
49,Female,56.7,1.56,177,123,62,0.98,359.0,Strength,41.9,1.81,2,2,23.3
19,Female,59.5,1.63,176,128,67,0.84,318.7,Strength,29.2,2.18,3,1,22.39
31,Male,63.7,1.65,192,130,64,1.17,477.2,Cardio,19.4,2.05,5,2,23.4
37,Female,71.3,1.5,173,141,72,1.18,748.8,HIIT,17.7,2.71,2,3,31.69
39,Female,52.0,1.62,187,118,63,0.89,250.9,Strength,27.6,2.23,3,1,19.81
28,Female,56.5,1.65,174,143,55,1.3,379.2,Strength,24.9,2.06,5,1,20.75
44,Female,87.4,1.72,185,140,67,0.86,362.4,Strength,23.2,1.85,2,1,29.54
20,Male,60.5,1.64,183,151,72,1.32,414.0,Strength,24.3,2.13,4,2,22.49
34,Male,75.2,1.84,196,139,69,1.1,564.5,Cardio,14.5,2.15,5,2,22.21
45,Male,104.8,1.93,196,128,56,0.56,271.5,Strength,15.3,1.93,1,1,28.13
46,Female,48.7,1.63,188,153,65,1.06,320.8,Strength,29.5,2.21,4,2,18.33
38,Male,82.6,1.74,183,118,68,0.68,516.8,HIIT,20.6,1.57,4,1,27.28
33,Male,72.4,1.73,178,117,69,0.63,391.9,HIIT,24.6,2.15,3,1,24.19
54,Male,83.8,1.8,175,122,68,0.74,262.7,Strength,15.3,1.86,3,1,25.86
37,Male,82.6,1.79,186,155,70,0.72,421.3,Cardio,16.0,1.65,1,1,25.78
23,Female,51.0,1.54,188,143,69,0.54,221.5,Cardio,33.2,1.69,4,1,21.5
36,Female,77.7,1.66,181,137,73,1.29,700.8,Cardio,28.9,2.58,3,1,28.2
22,Male,68.3,1.77,173,134,63,1.41,655.6,Cardio,18.5,2.4,4,3,21.8
20,Male,75.0,1.71,185,128,59,1.05,433.8,Strength,13.7,2.21,3,2,25.65
18,Male,81.7,1.68,194,149,59,0.77,471.7,Cardio,22.5,1.61,3,1,28.95
55,Male,90.4,1.75,180,127,65,0.99,572.0,Cardio,14.4,2.13,1,1,29.52
32,Male,65.5,1.69,191,155,74,1.17,612.5,Cardio,21.5,2.5,3,1,22.93
51,Male,86.6,1.83,173,115,58,0.89,511.6,Cardio,28.7,1.49,2,1,25.86
52,Male,64.4,1.69,186,130,74,1.02,461.7,Cardio,22.6,2.0,5,2,22.55
42,Female,88.2,1.61,177,133,72,1.04,715.6,Cardio,29.8,2.31,1,1,34.03
41,Female,63.5,1.53,183,126,57,0.78,281.0,Strength,30.7,2.02,3,1,27.13
29,Male,76.2,1.77,196,145,58,0.84,400.5,Strength,28.3,1.7,4,1,24.32
35,Male,73.8,1.71,171,122,68,0.95,572.9,Cardio,26.7,2.19,1,1,25.24
32,Female,72.3,1.68,180,118,61,0.67,211.5,Strength,29.8,1.55,1,1,25.62
33,Male,81.6,1.78,180,129,62,0.58,299.8,Strength,17.7,1.59,5,2,25.75
44,Female,59.0,1.6,193,143,70,0.66,336.7,Cardio,25.7,1.67,2,1,23.05
25,Female,65.6,1.71,191,127,74,1.15,534.6,Cardio,33.9,2.65,7,2,22.43
42,Male,69.2,1.72,193,143,69,1.14,427.7,Strength,24.7,1.68,2,2,23.39
34,Male,53.6,1.66,175,119,61,1.52,656.7,HIIT,15.4,1.93,5,3,19.45
46,Female,67.9,1.59,190,135,71,1.17,610.0,Cardio,38.6,2.29,4,3,26.86
25,Male,67.4,1.8,190,128,66,1.32,546.8,Cardio,28.0,2.32,3,2,20.8
32,Female,49.3,1.58,183,153,72,0.79,155.6,Yoga,45.0,1.83,3,1,19.75
44,Female,64.4,1.64,199,152,68,1.12,468.8,Cardio,32.2,2.18,4,2,23.94
24,Female,64.7,1.66,179,123,69,1.18,611.9,Cardio,26.1,1.89,3,2,23.48
20,Male,74.0,1.72,195,148,69,0.47,120.2,Yoga,24.2,1.81,1,1,25.01
46,Female,68.1,1.77,196,154,59,0.8,530.7,HIIT,32.2,2.04,5,2,21.74
41,Male,70.3,1.77,177,128,70,1.04,374.8,Strength,17.2,2.49,5,3,22.44
20,Male,79.2,1.72,176,140,59,1.21,480.6,Strength,19.9,2.8,4,2,26.77
37,Female,63.7,1.55,177,111,56,0.69,249.7,Cardio,36.9,1.83,3,1,26.51
32,Male,79.8,1.74,197,159,74,1.16,718.1,Cardio,29.2,1.81,3,1,26.36
42,Female,68.9,1.69,177,130,63,0.75,314.4,Strength,20.7,2.07,2,1,24.12
47,Female,60.1,1.56,192,125,63,0.46,229.4,Cardio,29.3,1.74,3,1,24.7
31,Male,69.5,1.67,171,119,58,0.87,348.5,Strength,14.9,1.97,3,2,24.92
24,Male,76.4,1.89,196,164,69,1.02,255.5,Yoga,15.2,1.63,4,2,21.39
34,Male,103.4,1.86,185,146,65,0.85,252.0,Yoga,15.0,2.04,2,1,29.89
37,Male,94.0,1.79,178,129,55,1.05,733.9,Cardio,12.6,2.26,5,3,29.34
53,Male,86.1,1.78,182,120,72,0.86,378.3,Strength,21.9,2.31,2,1,27.17
26,Female,55.7,1.58,192,130,55,0.92,271.8,Strength,27.3,1.9,3,1,22.31
55,Male,77.4,1.72,181,121,62,0.87,323.7,Yoga,15.8,1.77,3,2,26.16
39,Male,87.5,1.77,196,124,70,1.39,887.7,Cardio,15.1,2.18,4,2,27.93
19,Female,53.3,1.67,191,142,72,0.89,266.7,Cardio,37.9,2.31,4,2,19.11
41,Male,98.6,1.79,194,156,63,1.05,737.9,Cardio,15.4,2.55,5,3,30.77
25,Female,45.8,1.64,198,150,66,0.69,133.8,Strength,20.9,2.25,4,2,17.03
28,Male,79.3,1.72,186,128,73,1.49,664.7,Strength,18.3,2.59,6,3,26.81
30,Male,87.2,1.71,196,146,72,0.75,553.0,HIIT,12.5,1.94,4,1,29.82
34,Female,60.3,1.6,171,141,59,0.9,480.0,HIIT,30.6,2.08,4,2,23.55
25,Female,66.0,1.68,182,138,56,0.96,432.0,Cardio,34.5,2.16,5,3,23.38
38,Female,77.1,1.7,170,131,61,0.92,403.1,Strength,29.7,1.98,4,2,26.68
35,Female,73.5,1.53,195,161,64,1.23,633.6,Cardio,31.5,2.5,4,1,31.4
47,Female,57.8,1.59,197,156,69,0.57,113.1,Yoga,21.2,1.35,3,2,22.86
35,Male,65.4,1.77,188,118,61,0.87,248.6,Yoga,20.6,1.58,5,2,20.88
48,Male,72.3,1.8,180,122,59,1.11,194.6,Yoga,17.3,1.67,3,1,22.31
55,Female,36.9,1.44,174,146,69,1.5,195.0,Yoga,30.7,2.16,4,3,17.8
49,Female,71.5,1.61,170,129,74,0.64,235.3,Cardio,33.0,2.29,2,1,27.58
28,Female,62.7,1.69,189,124,74,0.79,351.6,Cardio,20.1,1.62,3,1,21.95
42,Male,67.7,1.71,199,142,69,1.34,514.6,Strength,9.4,1.96,4,3,23.15
50,Male,78.0,1.68,182,140,64,1.03,211.1,Yoga,9.5,1.87,4,2,27.64
55,Female,63.5,1.68,177,150,68,1.11,442.0,Cardio,38.1,2.5,2,1,22.5
58,Male,91.5,1.84,175,121,64,1.07,711.8,Cardio,19.5,2.57,4,2,27.03
25,Female,50.2,1.59,198,145,71,1.23,617.0,HIIT,33.5,2.54,5,2,19.86
28,Female,74.0,1.63,186,152,68,0.79,420.1,Cardio,34.9,2.3,3,1,27.85
39,Male,77.7,1.75,181,122,56,0.84,386.0,Strength,18.5,2.5,6,3,25.37
41,Female,62.1,1.62,170,114,70,0.76,469.8,HIIT,29.8,1.42,3,2,23.66
58,Female,65.2,1.63,172,144,67,0.8,478.9,Cardio,34.5,1.61,2,2,24.54
34,Male,60.4,1.79,183,132,63,0.95,376.0,Cardio,19.1,1.86,3,2,18.85
29,Female,68.1,1.67,195,138,61,1.42,832.4,HIIT,25.4,2.38,1,2,24.42
49,Male,77.6,1.82,177,136,70,0.82,342.8,Strength,29.5,2.02,3,1,23.43
32,Female,45.0,1.54,180,111,64,0.73,123.2,Yoga,40.4,1.97,1,1,18.97
33,Male,68.3,1.79,196,160,63,1.25,382.8,Strength,20.4,2.5,3,2,21.32
39,Female,62.4,1.63,183,125,61,0.96,462.6,Cardio,26.4,1.5,5,3,23.49
45,Male,62.3,1.7,177,128,70,0.65,370.4,HIIT,18.2,1.85,3,1,21.56
37,Male,57.8,1.9,198,125,63,0.87,258.8,Strength,17.9,2.1,3,2,16.01
50,Female,74.3,1.62,172,125,71,1.33,737.0,Cardio,41.1,2.2,2,3,28.31
27,Male,70.1,1.73,176,144,74,0.93,622.3,HIIT,28.1,2.11,4,1,23.42
57,Male,48.4,1.74,197,153,61,0.84,337.3,Cardio,31.4,2.31,3,1,15.99
49,Female,73.2,1.5,188,154,65,0.85,453.9,Cardio,26.3,2.03,5,1,32.53
50,Female,65.2,1.5,173,122,62,0.93,454.8,Cardio,23.1,2.7,3,2,28.98
19,Female,62.3,1.66,194,147,61,0.81,292.7,Strength,20.2,2.27,1,1,22.61
50,Female,55.5,1.64,185,138,73,0.58,228.6,Strength,30.0,1.93,3,1,20.64
50,Male,74.9,1.71,182,148,74,1.13,486.8,Strength,17.6,2.33,3,2,25.61
58,Male,80.4,1.8,189,146,66,0.9,677.0,HIIT,18.3,2.26,4,2,24.81
30,Male,90.5,1.86,188,128,61,0.53,179.6,Yoga,19.6,2.32,4,1,26.16
47,Female,58.3,1.68,174,120,62,0.76,401.2,Cardio,39.6,2.31,3,1,20.66
50,Female,77.3,1.65,192,125,61,0.62,325.7,Cardio,19.8,2.03,4,2,28.39
30,Female,62.4,1.68,174,129,60,1.54,765.2,Cardio,19.2,2.21,5,3,22.11
43,Female,71.0,1.63,189,156,63,1.41,828.2,Cardio,23.1,2.47,3,3,26.72
39,Male,60.9,1.71,193,126,67,1.07,565.6,HIIT,30.3,2.32,5,2,20.83
56,Male,113.3,1.81,173,110,61,0.43,429.8,HIIT,10.9,1.99,4,1,34.58
19,Male,72.0,1.64,171,110,62,0.61,378.1,HIIT,17.4,1.65,3,1,26.77
55,Male,105.1,1.72,195,155,71,0.76,608.2,Cardio,16.9,2.18,1,1,35.53
56,Male,85.6,1.77,182,129,71,0.7,259.4,Strength,20.5,2.16,2,1,27.32
43,Female,57.8,1.63,199,132,70,0.66,192.6,Strength,34.3,1.53,5,2,21.75
32,Male,75.3,1.66,185,124,56,0.49,257.9,Cardio,28.2,1.43,2,1,27.33
51,Male,90.4,1.81,191,143,62,0.69,333.1,Strength,20.3,2.25,4,1,27.59
59,Male,78.1,1.75,171,130,71,0.99,217.1,Yoga,21.8,1.84,5,3,25.5
57,Female,74.0,1.67,188,147,67,1.02,401.0,Strength,29.6,2.57,3,1,26.53
28,Female,80.0,1.72,186,131,72,0.85,643.1,HIIT,19.4,1.93,2,1,27.04
20,Male,70.0,1.87,174,125,64,0.59,251.6,Strength,24.2,1.97,3,1,20.02
23,Male,55.1,1.67,194,116,56,1.23,561.9,Cardio,20.0,2.34,4,2,19.76
26,Female,50.7,1.56,187,112,56,1.19,367.3,Strength,39.7,2.0,2,2,20.83
23,Male,69.2,1.68,197,140,68,0.81,364.5,Cardio,19.4,2.4,3,1,24.52
26,Female,61.4,1.63,192,132,70,0.99,436.1,Cardio,24.1,2.01,1,2,23.11
56,Female,53.4,1.63,190,140,61,0.94,268.6,Strength,26.8,2.08,3,2,20.1
48,Male,81.1,1.73,187,116,66,1.14,287.6,Yoga,36.2,1.59,5,3,27.1
49,Male,86.0,1.85,177,116,68,0.98,513.3,Strength,22.3,1.69,6,3,25.13
58,Female,68.0,1.66,196,155,58,1.56,598.5,Strength,30.4,2.77,5,3,24.68
29,Male,67.9,1.72,184,133,58,0.9,190.9,Yoga,15.9,2.04,2,2,22.95
25,Male,65.8,1.71,182,143,72,0.76,450.5,HIIT,16.3,1.78,4,1,22.5
25,Female,59.6,1.7,182,144,57,0.57,338.2,HIIT,18.8,1.67,1,1,20.62
45,Female,71.0,1.6,185,128,55,0.7,339.3,Cardio,27.6,2.08,3,1,27.73
37,Female,52.2,1.57,191,151,71,1.57,187.6,Yoga,21.5,2.82,2,2,21.18
24,Female,55.9,1.5,189,136,61,1.1,473.8,Cardio,16.9,1.99,4,3,24.84
28,Male,89.6,1.71,182,124,70,1.29,659.0,Strength,20.1,2.6,3,2,30.64
37,Male,61.0,1.64,189,126,59,0.74,381.8,Cardio,13.1,1.9,3,1,22.68
33,Female,74.9,1.64,171,129,73,1.14,378.6,Strength,23.4,2.33,3,2,27.85
21,Female,71.5,1.65,172,118,61,1.5,777.4,Cardio,17.8,1.87,5,3,26.26
23,Male,76.4,1.74,184,128,68,1.05,451.2,Strength,15.4,1.65,3,2,25.23
39,Female,65.8,1.6,192,126,56,1.18,372.2,Strength,27.1,2.45,3,3,25.7
43,Male,58.2,1.57,188,115,57,1.21,509.6,Cardio,16.7,2.31,5,3,23.61
20,Male,64.9,1.64,182,119,71,1.22,488.6,Strength,19.7,2.35,3,3,24.13
58,Male,79.6,1.91,174,113,70,1.37,410.6,Yoga,19.7,2.0,3,2,21.82
59,Male,70.7,1.71,195,120,62,0.7,187.8,Yoga,18.0,1.79,3,2,24.18
31,Male,53.4,1.57,191,134,72,0.4,142.6,Cardio,25.0,1.24,2,1,21.66
28,Male,76.3,1.65,175,133,69,0.41,332.0,HIIT,13.3,1.49,1,1,28.03
35,Male,63.4,1.92,183,118,61,0.82,504.3,HIIT,23.2,1.99,5,2,17.2
29,Female,70.6,1.65,173,141,63,0.89,330.7,Strength,31.8,2.13,4,1,25.93
40,Female,60.9,1.55,191,149,60,1.4,597.9,Cardio,20.6,2.13,7,3,25.35
29,Female,63.2,1.59,188,140,72,0.63,351.6,HIIT,34.0,2.04,4,1,25.0
30,Female,80.3,1.69,192,150,72,1.24,256.7,Yoga,33.2,2.23,4,3,28.12
42,Male,74.1,1.8,176,125,68,0.53,206.4,Strength,17.8,1.75,2,1,22.87
36,Male,62.5,1.58,173,111,68,0.55,211.0,Strength,20.3,1.86,2,1,25.04
53,Female,45.5,1.63,171,142,68,1.37,388.8,Strength,27.4,2.95,6,3,17.13
25,Male,66.1,1.72,196,119,58,0.96,447.2,Cardio,25.8,2.03,2,1,22.34
46,Female,69.3,1.59,176,144,58,0.65,460.9,HIIT,35.9,2.18,4,1,27.41
49,Male,54.5,1.71,172,131,69,1.08,555.7,HIIT,27.4,2.31,4,1,18.64
35,Female,67.1,1.65,184,127,69,1.19,609.6,Cardio,18.0,2.14,4,2,24.65
23,Male,65.9,1.76,170,128,72,1.07,174.8,Yoga,31.7,1.68,1,1,21.27
35,Female,57.3,1.56,171,127,68,0.94,464.7,Cardio,21.7,1.88,3,2,23.55
36,Male,66.7,1.76,179,106,55,1.3,282.3,Yoga,20.3,2.3,4,2,21.53
39,Female,55.6,1.71,185,127,64,1.44,432.8,Strength,23.9,2.33,5,2,19.01
54,Male,78.2,1.75,194,153,74,0.92,503.8,Cardio,12.1,2.44,4,2,25.53
49,Female,57.9,1.56,197,141,64,0.97,300.5,Strength,38.2,1.86,2,2,23.79
58,Female,63.5,1.55,184,122,64,0.56,157.4,Strength,34.7,1.79,3,1,26.43
20,Male,78.5,1.7,193,127,56,1.02,622.9,Cardio,20.9,2.27,4,3,27.16
45,Female,81.6,1.68,184,148,62,0.52,199.8,Strength,23.7,1.73,1,1,28.91
27,Female,64.4,1.62,183,130,55,0.84,313.0,Strength,11.4,2.3,4,2,24.54
52,Male,95.3,1.81,191,135,55,0.8,668.2,HIIT,18.2,1.65,3,1,29.09
46,Female,48.9,1.56,183,150,58,1.1,418.7,Cardio,19.4,1.7,4,3,20.09
32,Female,78.0,1.68,175,119,61,0.8,379.9,Strength,16.3,1.89,2,1,27.64
50,Female,62.1,1.55,183,131,63,0.8,336.2,Cardio,34.8,1.96,3,1,25.85
24,Male,81.7,1.81,186,149,70,0.91,667.8,HIIT,22.8,2.11,4,2,24.94
29,Male,82.6,1.79,187,144,59,0.99,538.0,Cardio,19.5,2.14,2,2,25.78
47,Female,45.4,1.5,189,122,56,0.64,155.2,Yoga,25.8,1.76,4,1,20.18
38,Female,51.0,1.63,188,121,65,0.94,474.2,HIIT,37.9,1.61,5,2,19.2
48,Male,98.8,1.79,199,154,72,0.84,406.6,Strength,13.0,1.97,3,2,30.84
41,Female,61.2,1.62,186,128,73,1.27,398.4,Strength,33.7,1.95,3,3,23.32
37,Male,72.1,1.76,185,152,67,0.88,456.9,Cardio,13.5,2.05,4,2,23.28
54,Male,56.0,1.69,177,115,65,0.52,213.7,Cardio,26.7,1.48,2,1,19.61
21,Male,59.2,1.81,176,126,74,0.87,127.1,Yoga,17.8,2.14,3,1,18.07
45,Male,73.2,1.76,189,122,73,1.38,257.3,Yoga,25.0,2.83,7,3,23.63
37,Female,62.4,1.66,197,152,71,1.47,684.1,Cardio,28.6,2.16,3,3,22.64
41,Male,68.6,1.69,181,146,59,0.55,279.8,Strength,24.9,1.45,2,1,24.02
49,Female,65.5,1.64,178,136,67,0.65,385.4,HIIT,31.3,2.23,2,1,24.35
58,Female,86.9,1.6,196,163,74,1.05,496.7,Strength,33.4,2.66,5,2,33.95
53,Female,60.2,1.63,183,112,55,0.65,269.2,Cardio,23.4,1.52,6,1,22.66
51,Male,102.7,1.84,189,118,64,0.86,599.6,Cardio,22.0,1.99,3,1,30.33
53,Male,95.8,1.77,170,137,62,0.85,566.4,Cardio,22.3,2.16,1,1,30.58
19,Female,76.2,1.68,179,144,62,0.85,628.4,HIIT,24.9,1.93,2,1,27.0
32,Female,60.5,1.62,186,151,73,1.04,267.7,Strength,23.2,1.6,2,1,23.05
51,Male,56.8,1.75,186,146,60,1.13,360.4,Strength,21.5,1.77,4,2,18.55
53,Female,68.0,1.62,186,129,66,0.78,160.2,Yoga,29.0,1.59,3,1,25.91
23,Female,80.2,1.69,173,114,61,0.71,322.0,Strength,30.7,1.61,1,1,28.08
56,Female,81.3,1.62,186,154,70,0.73,207.1,Yoga,24.5,1.96,2,1,30.98
59,Female,54.3,1.64,187,126,63,0.79,241.4,Strength,29.7,2.3,3,2,20.19
29,Female,60.4,1.62,189,131,64,0.4,157.9,Cardio,19.7,1.33,2,1,23.01
20,Male,66.3,1.81,192,147,64,1.09,190.5,Yoga,8.0,1.92,3,2,20.24
35,Female,57.0,1.63,171,118,64,1.24,445.7,Strength,24.8,1.91,4,2,21.45
57,Female,66.5,1.58,177,145,74,0.68,371.1,Cardio,29.7,1.99,4,1,26.64
38,Male,64.4,1.74,182,118,70,1.07,499.0,Strength,20.4,1.9,2,1,21.27
32,Male,59.8,1.7,192,148,55,0.71,298.1,Cardio,22.2,1.62,2,1,20.69
50,Male,82.3,1.74,194,146,71,0.61,254.2,Strength,11.1,1.39,2,2,27.18
52,Female,67.7,1.62,199,147,68,1.43,308.6,Yoga,23.3,2.77,4,3,25.8
43,Female,72.5,1.69,191,139,73,0.65,158.5,Yoga,29.2,2.55,3,1,25.38
25,Male,64.0,1.73,189,130,71,1.45,303.9,Yoga,26.5,2.4,3,3,21.38
53,Female,75.6,1.61,191,137,68,0.49,303.8,Cardio,25.1,2.24,2,1,29.17
47,Male,72.8,1.74,184,130,62,1.33,564.5,Strength,24.3,2.13,6,3,24.05
40,Female,100.3,1.73,189,139,63,0.84,656.8,Cardio,21.5,2.0,4,2,33.51
59,Female,55.5,1.5,192,127,62,1.04,221.5,Yoga,21.9,2.32,4,2,24.67
31,Female,45.2,1.68,178,114,67,1.15,338.6,Strength,28.8,1.96,4,2,16.01
31,Male,50.7,1.78,172,117,71,1.11,223.1,Strength,29.8,2.12,3,2,16.0
19,Male,74.8,1.68,172,137,73,1.26,857.5,HIIT,17.2,2.17,4,3,26.5
54,Male,74.8,1.6,171,106,61,0.72,263.1,Strength,20.7,2.06,5,2,29.22
22,Male,71.4,1.85,170,140,71,1.15,499.7,Strength,17.9,2.21,4,2,20.86
55,Female,73.9,1.51,183,137,55,0.96,121.5,Yoga,24.6,1.86,2,1,32.41
58,Female,85.5,1.67,186,144,59,0.54,197.3,Yoga,31.6,1.73,1,1,30.66
31,Female,66.0,1.63,182,144,60,1.07,479.9,Cardio,22.6,2.48,4,3,24.84
56,Female,60.4,1.52,188,114,56,1.21,363.4,Strength,24.3,2.39,4,2,26.14
42,Female,86.4,1.77,199,159,70,0.96,263.1,Yoga,32.4,2.21,3,2,27.58
37,Female,87.0,1.66,192,136,59,0.83,511.2,Cardio,24.9,2.67,4,2,31.57
19,Female,73.7,1.66,184,148,59,1.3,605.0,Strength,21.0,1.94,6,3,26.75
56,Female,71.5,1.7,196,158,66,0.87,507.7,Cardio,38.4,2.23,3,2,24.74
23,Male,84.6,1.78,194,113,57,1.03,465.0,Strength,31.1,2.13,4,2,26.7
34,Male,66.1,1.59,183,130,70,0.92,484.8,Cardio,18.3,2.16,4,2,26.15
42,Male,86.8,1.77,171,125,60,0.68,307.0,Strength,19.1,1.96,1,1,27.71
45,Female,44.2,1.58,176,137,69,0.97,290.2,Cardio,36.0,1.87,2,1,17.71
19,Female,67.9,1.64,186,128,69,0.76,316.1,Strength,43.9,1.65,5,3,25.25
52,Male,87.5,1.84,187,127,70,0.86,284.0,Yoga,11.4,2.02,3,1,25.84
54,Female,59.2,1.58,175,128,74,1.44,749.6,HIIT,36.3,2.13,5,3,23.71
22,Female,66.0,1.56,196,141,67,0.63,359.6,HIIT,25.5,1.77,3,1,27.12
18,Male,113.2,1.89,190,157,66,0.94,604.9,Strength,18.5,2.3,3,1,31.69
57,Male,75.2,1.75,177,139,64,1.06,545.0,Cardio,9.5,1.77,5,3,24.56
29,Female,73.8,1.66,197,139,68,0.87,530.4,Cardio,23.8,1.96,4,2,26.78
53,Male,80.8,1.63,196,115,56,0.59,106.9,Yoga,12.2,2.17,4,1,30.41
40,Female,71.2,1.7,171,109,57,1.19,446.7,Strength,22.0,2.06,5,2,24.64
48,Male,58.4,1.69,170,123,63,0.65,347.3,Cardio,20.7,2.33,6,2,20.45
28,Female,79.2,1.73,185,147,65,1.33,956.6,HIIT,33.0,1.83,3,2,26.46
27,Female,42.5,1.63,176,124,65,0.69,291.4,Cardio,17.4,2.46,5,1,16.0
20,Female,41.5,1.61,191,139,64,1.37,405.5,Cardio,33.7,2.33,3,3,16.01
31,Female,69.8,1.66,193,157,68,1.36,385.6,Yoga,18.5,1.92,6,3,25.33
33,Male,53.0,1.82,180,147,63,0.78,148.6,Yoga,14.5,2.22,2,1,16.0
27,Male,55.4,1.72,184,126,74,1.13,318.7,Strength,23.5,2.31,4,3,18.73
46,Male,56.8,1.59,182,113,64,1.5,224.9,Yoga,20.6,2.81,5,3,22.47
27,Female,58.9,1.67,199,132,63,0.9,418.8,HIIT,26.9,1.58,3,2,21.12
29,Female,62.2,1.63,193,145,59,0.85,421.9,HIIT,21.7,1.68,4,2,23.41
47,Female,72.8,1.6,171,142,62,0.93,466.9,Cardio,29.1,2.29,2,1,28.44
58,Male,77.3,1.76,183,115,65,0.78,399.6,Cardio,21.7,2.73,1,1,24.95
18,Male,57.6,1.67,193,112,55,1.27,304.4,Strength,26.1,2.43,3,2,20.65
22,Male,92.2,1.77,175,143,64,1.24,376.6,Yoga,33.9,2.46,6,3,29.43
37,Male,68.1,1.93,178,136,55,0.87,361.1,Strength,40.5,1.79,3,2,18.28
25,Female,66.9,1.64,197,163,61,1.05,524.1,Cardio,28.9,2.08,4,2,24.87
29,Male,52.2,1.71,176,126,68,0.66,205.6,Cardio,19.2,1.71,2,1,17.85
18,Male,72.3,1.7,187,129,59,0.63,475.8,HIIT,12.5,2.03,1,1,25.02
37,Female,57.5,1.59,193,127,71,0.92,378.3,Cardio,36.0,2.33,3,1,22.74
45,Male,93.8,1.82,178,112,60,1.12,552.0,Strength,34.9,2.23,4,1,28.32
54,Male,86.1,1.79,192,144,70,0.95,605.2,Cardio,15.1,2.31,4,2,26.87
54,Female,54.1,1.58,173,122,65,0.56,227.7,Cardio,27.3,1.83,3,1,21.67
29,Male,64.0,1.75,178,113,64,0.97,458.6,HIIT,16.5,2.48,5,2,20.9
54,Female,66.5,1.71,173,143,69,0.85,507.5,HIIT,31.4,1.75,2,1,22.74
45,Female,81.7,1.61,181,117,61,1.05,482.8,Strength,35.7,2.55,3,2,31.52
32,Female,81.0,1.63,173,133,56,1.24,716.6,Cardio,25.5,2.03,4,2,30.49
23,Male,62.3,1.76,194,130,66,0.88,440.6,HIIT,19.5,2.03,3,1,20.11
37,Female,64.5,1.54,199,159,73,0.53,197.4,Cardio,24.7,1.46,1,1,27.2
31,Male,53.5,1.77,193,122,66,0.65,214.3,Strength,19.8,2.04,3,1,17.08
19,Male,61.9,1.67,189,149,70,0.97,210.6,Yoga,18.1,2.12,4,3,22.2
26,Male,59.3,1.71,183,113,60,0.98,405.5,Cardio,29.7,2.31,2,1,20.28
54,Female,67.9,1.55,193,133,57,0.6,137.5,Yoga,33.1,1.34,3,2,28.26
37,Male,61.0,1.8,193,146,56,0.99,421.7,Cardio,22.6,2.13,3,3,18.83
43,Male,84.3,1.81,176,121,74,0.9,388.6,Strength,22.9,2.16,2,2,25.73
46,Female,63.8,1.63,195,127,59,0.86,314.3,Strength,25.7,1.72,3,1,24.01
18,Male,65.0,1.67,182,147,65,1.15,178.3,Yoga,15.0,2.35,5,3,23.31
52,Male,92.9,1.74,191,152,57,0.68,536.0,Cardio,27.2,1.22,2,1,30.68
23,Male,106.2,1.85,177,107,57,0.93,492.8,Strength,26.9,2.02,3,2,31.03
54,Male,67.7,1.7,192,120,59,1.28,271.3,Yoga,14.8,2.69,4,3,23.43
22,Male,71.7,1.78,174,113,65,0.76,309.6,Strength,12.8,1.92,4,2,22.63
50,Male,56.9,1.78,181,114,57,0.56,180.0,Strength,11.7,1.62,4,1,17.96
31,Female,55.4,1.52,182,152,67,1.09,499.3,Cardio,32.7,2.13,3,1,23.98
29,Male,111.2,1.87,198,143,62,0.83,723.2,HIIT,20.3,2.03,4,1,31.8
59,Male,81.2,1.86,189,139,74,1.15,696.8,Cardio,17.8,2.46,2,2,23.47
37,Female,65.5,1.56,183,153,64,0.76,351.7,Cardio,25.2,1.99,2,1,26.91
41,Male,47.1,1.6,197,140,56,1.22,343.5,Strength,17.2,2.46,6,3,18.4
51,Female,57.0,1.6,187,139,58,1.34,427.7,Strength,19.3,2.33,3,3,22.27
42,Male,80.1,1.76,196,136,72,1.4,333.4,Yoga,18.8,2.12,4,3,25.86
46,Male,72.3,1.72,193,137,73,0.92,151.3,Yoga,31.8,1.63,3,1,24.44
56,Male,97.5,1.89,194,141,58,0.97,824.2,HIIT,8.1,2.19,4,2,27.29
48,Male,66.1,1.75,189,123,74,1.44,981.9,HIIT,18.1,1.62,4,3,21.58
40,Male,55.1,1.8,173,117,63,0.76,400.6,HIIT,23.7,1.43,3,3,17.01
55,Male,89.3,1.77,190,126,70,0.93,647.2,Cardio,18.7,1.64,4,1,28.5
37,Male,60.6,1.73,187,112,60,0.66,345.9,HIIT,12.2,2.11,1,1,20.25
40,Male,68.3,1.62,176,127,58,0.86,393.7,Cardio,21.1,1.57,3,1,26.02
33,Male,78.1,1.74,184,135,63,0.87,409.6,Strength,10.3,2.16,3,2,25.8
59,Male,68.0,1.98,190,133,67,0.73,370.6,HIIT,24.0,1.63,5,2,17.35
25,Male,77.7,1.66,175,118,63,1.32,545.4,Strength,17.5,2.25,3,3,28.2
38,Male,57.0,1.62,185,139,60,0.45,80.0,Yoga,16.5,1.75,5,1,21.72
18,Female,54.5,1.5,189,125,73,0.67,303.8,Cardio,27.5,1.85,3,1,24.22
25,Male,73.1,1.8,193,141,68,0.59,256.8,Strength,14.0,1.66,3,1,22.56
46,Female,88.1,1.7,177,141,69,0.71,436.8,Cardio,25.5,1.46,2,1,30.48
49,Female,75.2,1.6,197,121,57,0.91,396.0,Strength,12.7,2.05,2,1,29.37
55,Male,47.8,1.69,190,146,59,0.9,375.1,HIIT,32.3,2.21,3,2,16.74
22,Female,83.5,1.59,185,147,72,1.06,535.9,Strength,36.8,2.34,5,2,33.03
39,Female,59.4,1.67,197,122,68,1.15,507.1,Cardio,29.9,2.21,4,2,21.3
51,Male,117.0,1.9,191,119,70,0.63,606.5,Cardio,25.1,1.96,3,1,32.41
18,Male,64.1,1.67,185,155,68,0.63,283.1,Cardio,14.4,1.65,3,1,22.98
43,Female,59.4,1.62,172,114,63,1.27,469.3,Strength,31.6,2.4,4,2,22.63
27,Female,60.4,1.62,186,149,69,1.23,226.5,Yoga,22.5,2.36,3,3,23.01
47,Male,69.4,1.76,178,131,61,0.85,401.9,Cardio,21.4,1.92,5,1,22.4
35,Male,104.4,1.75,194,130,68,1.35,1372.5,HIIT,28.1,2.32,4,3,34.09
34,Male,64.5,1.65,172,110,60,0.51,151.1,Yoga,15.4,1.8,2,1,23.69
43,Male,75.5,1.82,189,138,69,1.1,472.1,Strength,17.7,2.3,6,3,22.79
25,Female,59.2,1.56,198,141,74,1.33,739.3,HIIT,33.2,1.83,6,3,24.33
57,Male,56.1,1.67,176,135,62,0.34,128.4,HIIT,9.2,1.23,3,1,20.12
29,Male,99.6,1.81,187,150,56,0.96,654.8,Cardio,8.0,1.62,3,2,30.4
44,Female,50.5,1.67,181,143,62,0.58,258.0,Cardio,27.7,1.71,3,1,18.11
25,Male,66.7,1.76,188,121,55,1.47,714.5,Cardio,26.6,2.52,5,3,21.53
42,Male,92.9,1.83,185,152,71,0.82,222.3,Yoga,17.4,1.32,3,1,27.74
21,Female,67.4,1.67,191,155,73,1.24,239.2,Yoga,20.7,2.27,2,2,24.17
50,Female,66.2,1.59,196,158,59,0.99,595.9,HIIT,27.0,2.45,5,2,26.19
18,Male,88.1,1.71,193,141,74,1.23,779.3,Cardio,25.5,2.32,5,3,30.13
36,Male,92.8,1.82,186,148,70,0.69,275.5,Strength,11.8,1.31,2,1,28.02
48,Male,76.0,1.76,189,139,61,0.9,555.0,Cardio,16.5,2.2,3,2,24.54
33,Male,113.2,1.87,184,124,61,1.29,1059.5,Cardio,14.4,2.35,3,1,32.37
31,Male,65.1,1.74,170,145,72,0.91,403.3,Strength,8.0,1.94,1,1,21.5
22,Male,70.6,1.73,171,113,72,0.79,96.8,Yoga,17.1,2.03,4,2,23.59
58,Male,69.8,1.71,177,111,56,1.28,197.4,Yoga,19.6,1.85,3,1,23.87
43,Male,73.1,1.76,191,156,69,0.67,429.8,HIIT,15.3,1.92,4,1,23.6
45,Male,62.5,1.78,194,121,68,1.31,635.6,Cardio,18.4,2.43,5,3,19.73
19,Male,56.0,1.78,171,142,72,0.94,334.7,Cardio,18.5,1.86,1,1,17.67
23,Male,80.4,1.77,188,144,63,0.69,258.7,Strength,19.2,1.77,2,2,25.66
26,Male,69.6,1.8,178,113,68,0.58,378.2,HIIT,13.7,1.68,2,1,21.48
50,Male,94.7,1.73,178,124,59,1.08,908.0,HIIT,13.3,2.01,2,1,31.64
58,Female,63.0,1.63,182,143,65,0.71,271.0,Strength,45.0,1.68,2,1,23.71
42,Female,60.3,1.62,175,130,62,1.2,391.4,Strength,35.1,1.99,4,2,22.98
30,Female,80.1,1.68,199,161,59,0.91,546.5,Cardio,40.2,2.2,3,2,28.38
26,Female,68.9,1.64,184,149,65,0.73,421.1,Cardio,26.5,1.42,3,1,25.62
30,Male,61.1,1.62,188,126,59,1.11,329.2,Strength,19.8,2.22,2,1,23.28
48,Male,71.8,1.83,190,122,71,1.34,748.4,Cardio,9.0,2.46,5,3,21.44
58,Male,136.5,1.88,184,150,58,0.68,449.0,Strength,21.1,1.5,2,1,38.62
28,Female,66.8,1.62,187,138,69,1.11,246.8,Yoga,32.5,2.14,6,3,25.45
21,Female,76.2,1.64,176,117,73,0.63,324.2,Strength,22.7,1.6,3,1,28.33
51,Male,58.9,1.72,195,151,56,1.25,515.4,Cardio,18.2,2.59,4,2,19.91
55,Male,69.5,1.79,180,148,71,0.9,481.5,Cardio,14.7,1.98,2,1,21.69
21,Male,90.5,1.67,177,135,66,1.02,494.8,Strength,17.2,2.55,3,3,32.45
55,Male,89.6,1.74,175,129,71,1.02,532.6,Strength,16.0,2.51,5,2,29.59
36,Female,77.3,1.73,177,135,64,0.74,228.4,Strength,27.2,2.04,2,1,25.83
23,Female,51.9,1.52,171,136,72,0.81,240.7,Strength,32.7,2.63,3,1,22.46
51,Male,73.1,1.78,188,155,73,0.88,374.2,Strength,20.3,1.56,4,2,23.07
35,Female,55.9,1.62,185,155,72,1.22,667.6,HIIT,20.9,2.67,3,2,21.3
30,Female,49.6,1.6,176,130,67,0.75,244.3,Strength,38.0,1.87,4,1,19.37
58,Male,80.0,1.7,179,143,68,0.82,584.0,HIIT,23.5,1.95,1,1,27.68
40,Male,77.4,1.72,181,152,70,1.09,480.8,Strength,24.7,2.02,6,3,26.16
36,Male,77.9,1.7,186,124,72,0.6,282.7,Cardio,19.6,1.42,3,1,26.96
28,Male,69.4,1.75,176,114,72,1.53,657.3,Strength,21.4,2.59,3,2,22.66
18,Male,74.9,1.73,191,155,70,1.36,595.2,Strength,17.9,1.94,3,2,25.03
41,Male,69.0,1.76,177,121,71,1.24,182.2,Yoga,25.4,2.07,2,3,22.28
24,Male,70.6,1.83,176,109,61,1.56,1001.1,HIIT,17.1,2.27,4,3,21.08
42,Male,90.7,1.72,173,115,66,1.49,418.3,Yoga,22.9,2.69,4,3,30.66
38,Female,57.3,1.53,172,118,56,0.62,80.0,Yoga,36.7,1.85,3,1,24.48
32,Male,75.2,1.7,188,123,64,1.11,468.9,Strength,27.5,1.43,6,3,26.02
18,Male,87.6,1.79,184,122,59,0.88,394.5,Strength,26.2,1.76,5,1,27.34
29,Male,79.5,1.8,173,143,57,1.05,408.9,Strength,13.9,1.66,4,2,24.54
24,Female,69.6,1.67,194,151,73,0.92,167.6,Yoga,29.0,2.2,4,2,24.96
32,Male,66.5,1.84,178,139,67,0.89,539.5,HIIT,24.0,1.68,2,1,19.64
38,Male,61.8,1.74,182,116,66,0.96,469.4,Cardio,21.8,1.89,3,3,20.41
36,Female,55.0,1.65,187,142,57,0.77,383.9,HIIT,23.4,2.49,2,1,20.2
46,Female,71.1,1.64,190,146,60,0.75,426.0,Cardio,36.0,2.14,3,2,26.44
42,Female,65.3,1.64,185,142,68,0.76,302.4,Strength,25.2,1.61,4,2,24.28
50,Male,72.2,1.88,170,112,58,0.86,411.0,Cardio,17.8,2.26,4,2,20.43
49,Male,76.1,1.7,173,125,67,0.82,587.3,HIIT,27.7,1.78,3,1,26.33
52,Female,66.2,1.59,187,152,73,0.61,147.9,Yoga,28.0,2.11,2,1,26.19
55,Female,49.7,1.53,177,139,72,1.01,435.4,Cardio,21.8,1.98,3,3,21.23
43,Female,59.6,1.58,189,144,57,0.85,385.5,Cardio,31.5,1.72,1,1,23.87
28,Female,73.0,1.67,185,141,74,1.3,642.0,Cardio,34.8,1.96,2,2,26.18
52,Male,71.2,1.86,190,132,60,0.88,541.7,HIIT,8.0,2.11,2,1,20.58
25,Female,66.4,1.59,180,143,70,1.36,429.0,Strength,19.0,2.59,4,2,26.26
31,Male,82.6,1.81,189,123,74,1.53,941.2,Cardio,24.0,2.53,5,3,25.21
27,Male,57.8,1.7,190,142,57,0.9,445.2,Cardio,19.9,1.91,4,2,20.0
19,Male,66.9,1.64,190,159,66,1.13,325.5,Strength,13.5,1.64,3,2,24.87
26,Male,82.5,1.8,190,152,73,0.73,506.6,Cardio,30.9,1.75,4,1,25.46
20,Male,71.2,1.82,196,135,73,1.21,795.3,HIIT,18.0,1.85,3,2,21.49
38,Male,71.5,1.81,188,123,58,0.73,337.2,Cardio,21.5,2.35,3,1,21.82
43,Female,53.0,1.63,192,142,55,0.59,291.7,HIIT,26.3,1.73,1,1,19.95
25,Male,62.7,1.68,188,150,56,1.02,424.2,Cardio,11.9,2.2,1,1,22.22
19,Female,57.5,1.55,187,139,67,1.06,357.2,Strength,27.3,2.03,5,2,23.93
23,Male,69.1,1.78,188,138,67,0.87,440.5,Cardio,11.0,2.15,3,2,21.81
45,Male,54.7,1.74,180,113,56,0.65,333.2,HIIT,21.4,2.11,2,1,18.07
46,Male,64.3,1.74,172,137,73,0.62,82.8,Yoga,21.4,2.57,4,1,21.24
43,Male,69.2,1.76,177,139,70,0.55,83.2,Yoga,13.3,1.69,4,1,22.34
42,Male,90.3,1.82,189,157,66,1.15,598.6,Strength,12.2,2.5,4,3,27.26
29,Male,81.7,1.76,188,122,55,1.07,466.9,Strength,15.4,2.23,4,2,26.38
22,Male,89.6,1.81,179,140,63,0.76,618.8,HIIT,16.2,1.78,3,1,27.35
51,Female,61.5,1.71,185,134,71,0.66,383.4,HIIT,21.4,1.74,1,1,21.03
54,Male,74.4,1.74,174,130,64,1.55,831.3,Cardio,13.2,2.57,3,3,24.57
32,Female,39.9,1.58,189,152,72,0.35,171.9,HIIT,29.3,1.62,3,1,15.98
53,Male,82.4,1.79,178,123,73,1.31,594.0,Strength,31.9,2.32,4,3,25.72
32,Female,66.9,1.59,177,121,61,0.72,342.3,Cardio,27.5,2.13,3,1,26.46
40,Female,60.0,1.63,180,145,73,1.06,438.1,Cardio,33.2,2.88,5,3,22.58
23,Female,75.4,1.73,185,139,69,1.32,766.7,Cardio,18.4,2.3,6,3,25.19
38,Male,55.6,1.76,176,112,63,0.96,269.1,Strength,26.9,1.74,2,2,17.95
40,Male,60.8,1.71,184,130,64,1.0,493.2,Cardio,18.2,2.22,3,1,20.79
33,Male,77.3,1.69,193,146,74,0.92,524.7,Cardio,21.5,1.91,2,1,27.06
32,Female,72.6,1.67,198,163,74,1.13,705.0,Cardio,27.6,2.75,2,1,26.03
42,Female,53.7,1.55,190,120,58,0.9,242.8,Strength,33.7,1.89,3,2,22.35
53,Female,63.8,1.53,189,148,60,1.03,642.4,HIIT,32.2,2.12,3,1,27.25
28,Male,71.8,1.71,192,118,58,0.52,228.4,Strength,13.8,2.0,3,1,24.55
32,Female,54.9,1.58,186,121,59,0.98,371.4,Cardio,33.4,2.24,4,2,21.99
21,Female,57.4,1.57,175,117,63,0.91,401.5,Cardio,31.2,2.46,4,2,23.29
38,Male,63.3,1.69,184,149,66,0.87,184.2,Yoga,29.0,2.22,2,1,22.16
30,Male,70.3,1.91,177,116,62,0.87,327.5,Strength,13.5,2.72,2,1,19.27
39,Female,76.2,1.62,176,138,59,1.07,471.4,Strength,28.0,2.28,4,3,29.04
36,Female,56.3,1.61,171,125,65,1.13,510.0,Cardio,29.3,2.57,3,2,21.72
51,Female,49.7,1.55,199,165,65,0.92,432.0,HIIT,20.8,1.91,4,2,20.69
31,Male,54.1,1.74,182,147,67,0.84,236.4,Strength,21.4,2.6,4,2,17.87
21,Female,43.0,1.64,199,154,68,0.75,215.9,Cardio,26.5,1.85,1,1,15.99
44,Male,84.0,1.77,192,154,62,0.45,271.9,Cardio,19.5,2.22,2,1,26.81
46,Male,77.6,1.69,198,150,72,0.94,450.9,Strength,26.1,2.33,2,1,27.17
45,Male,86.1,1.73,175,144,73,1.24,930.7,HIIT,18.1,2.26,4,3,28.77
52,Female,65.3,1.67,198,131,66,0.99,209.6,Yoga,29.4,2.54,2,2,23.41
25,Female,58.9,1.61,174,113,66,0.73,177.1,Strength,30.9,1.93,2,1,22.72
33,Male,74.4,1.84,189,144,72,1.58,1081.8,HIIT,14.7,2.86,3,3,21.98
59,Male,63.8,1.69,170,123,64,1.05,518.1,Cardio,14.2,2.24,3,1,22.34
53,Female,75.7,1.63,198,136,61,1.52,722.2,Strength,35.9,2.3,4,3,28.49
47,Male,75.7,1.78,187,139,72,1.23,875.0,HIIT,8.0,2.33,4,3,23.89
35,Female,58.2,1.51,184,128,66,0.53,208.7,Cardio,23.3,1.83,1,1,25.53
19,Male,74.5,1.83,192,145,68,0.75,106.2,Yoga,19.0,1.82,2,1,22.25
30,Male,93.8,1.79,179,114,69,1.06,745.0,Cardio,25.7,2.21,3,2,29.27
21,Male,53.1,1.8,172,145,70,1.16,330.1,Strength,23.6,2.32,5,2,16.39
43,Male,57.9,1.74,174,141,56,1.06,355.3,Strength,20.3,1.4,4,2,19.12
42,Female,67.0,1.62,193,160,72,1.04,359.4,Strength,27.3,2.27,4,3,25.53
47,Male,90.7,1.71,198,136,66,0.89,719.6,HIIT,13.9,2.26,4,2,31.02
28,Male,69.1,1.73,182,136,70,0.62,244.1,Cardio,16.1,2.31,3,1,23.09
24,Female,52.2,1.59,177,148,67,0.86,362.2,HIIT,27.2,1.65,2,1,20.65
48,Male,80.0,1.69,191,158,74,1.11,447.3,Strength,30.6,1.86,2,2,28.01
27,Male,78.4,1.76,190,152,71,0.89,423.7,Strength,22.0,2.1,1,1,25.31
56,Female,70.1,1.55,198,140,72,1.06,189.8,Yoga,23.4,1.92,5,2,29.18
30,Female,41.3,1.48,171,125,57,0.34,181.5,HIIT,30.7,1.35,2,1,18.86
48,Male,92.4,1.79,178,141,64,0.4,236.6,Cardio,17.4,1.62,3,1,28.84
24,Female,42.8,1.55,186,120,55,0.72,361.2,HIIT,28.5,1.82,2,1,17.81
59,Female,55.6,1.56,196,144,60,1.02,335.2,Cardio,32.9,1.81,2,2,22.85
59,Male,79.5,1.76,187,147,57,1.0,596.2,Cardio,19.7,1.79,1,1,25.67
53,Male,69.0,1.67,182,144,73,1.02,393.7,Strength,28.1,2.08,2,2,24.74
37,Female,67.9,1.55,170,122,58,0.8,114.5,Yoga,32.0,1.55,4,2,28.26
21,Female,37.1,1.49,181,139,74,1.13,283.4,Cardio,36.3,1.74,5,2,16.71
24,Male,76.1,1.76,189,155,57,1.0,674.4,HIIT,25.4,2.12,4,2,24.57
18,Female,80.3,1.67,189,140,62,0.67,402.0,Cardio,26.9,2.35,1,1,28.79
59,Female,62.0,1.6,190,148,62,0.68,342.0,HIIT,33.5,2.13,4,2,24.22
30,Male,63.7,1.81,174,135,61,0.77,290.3,Strength,30.0,2.33,4,1,19.44
39,Male,79.1,1.68,177,134,56,1.05,752.3,HIIT,21.6,1.59,4,2,28.03
38,Male,73.3,1.85,196,148,60,0.55,324.9,Cardio,15.2,1.41,2,1,21.42
39,Female,48.5,1.53,184,134,70,1.15,467.5,HIIT,33.6,2.19,3,2,20.72
45,Male,53.7,1.63,196,139,64,1.38,205.9,Yoga,21.3,2.58,4,3,20.21
26,Female,53.6,1.52,172,122,58,1.01,544.9,HIIT,36.5,2.3,5,2,23.2
43,Female,66.5,1.64,175,111,67,1.0,334.3,Strength,20.2,1.7,4,2,24.72
26,Female,49.1,1.61,197,128,64,1.19,119.6,Yoga,30.0,2.55,3,2,18.94
32,Male,61.9,1.77,182,120,68,0.82,344.6,Cardio,20.4,1.97,2,1,19.76
27,Female,56.4,1.63,181,147,63,1.11,492.4,HIIT,30.5,2.4,4,3,21.23
41,Male,61.1,1.74,188,126,65,0.71,197.1,Yoga,25.1,1.74,1,1,20.18
59,Female,65.7,1.65,198,129,72,1.36,639.7,Cardio,26.3,1.85,6,3,24.13
25,Male,71.0,1.67,187,119,65,0.59,222.5,Strength,13.1,2.11,3,2,25.46
41,Male,73.7,1.72,193,150,71,0.81,464.6,Cardio,17.3,2.13,4,2,24.91
33,Female,71.1,1.69,170,102,56,1.14,422.6,Strength,28.6,1.81,3,2,24.89
43,Male,88.7,1.7,194,134,57,1.24,604.2,Strength,22.0,2.04,3,2,30.69
44,Male,87.0,1.84,196,123,65,1.2,551.6,Strength,14.0,2.43,3,2,25.7
54,Female,73.0,1.64,176,145,72,0.93,308.0,Strength,33.2,2.12,3,1,27.14
21,Female,60.1,1.64,181,148,57,1.03,453.0,Cardio,24.5,2.27,3,2,22.35
41,Female,67.6,1.56,179,150,69,0.79,338.6,Strength,31.5,1.82,2,2,27.78
36,Female,57.4,1.61,198,139,65,1.21,509.2,Cardio,33.3,2.65,5,3,22.14
53,Male,90.6,1.88,181,138,65,0.6,199.9,Yoga,20.0,1.83,3,2,25.63
56,Male,59.3,1.79,180,139,74,1.01,392.5,Cardio,23.1,1.4,4,1,18.51
27,Male,88.1,1.89,173,121,65,0.59,125.8,Yoga,26.9,1.89,2,1,24.66
42,Male,63.0,1.77,188,137,73,0.89,260.6,Strength,22.0,2.22,3,2,20.11
35,Female,60.8,1.48,175,106,55,0.96,339.9,Strength,19.5,2.17,4,1,27.76
36,Female,65.2,1.54,194,151,59,0.43,239.6,HIIT,26.7,1.63,3,1,27.49
53,Male,68.6,1.76,178,119,64,1.01,371.8,Strength,27.7,1.52,4,3,22.15
27,Male,86.6,1.64,189,134,64,1.05,533.4,Strength,30.6,1.94,3,2,32.2
50,Female,59.2,1.61,179,131,68,1.1,455.5,Cardio,32.9,1.99,4,2,22.84
22,Male,51.9,1.72,174,126,56,0.74,257.2,Strength,20.9,1.75,3,1,17.54
52,Female,55.5,1.63,196,153,58,0.99,409.7,Cardio,32.8,2.28,4,2,20.89
51,Male,62.1,1.77,182,137,56,1.0,437.8,Cardio,19.4,2.0,2,1,19.82
50,Female,73.7,1.7,178,139,72,1.13,401.9,Strength,40.6,2.59,4,2,25.5
38,Male,59.0,1.76,171,128,67,0.85,391.9,Cardio,26.3,1.94,1,1,19.05
34,Female,61.7,1.68,187,122,73,1.41,645.2,Cardio,31.2,2.71,4,3,21.86
39,Female,72.1,1.69,190,130,59,0.94,507.0,Cardio,27.1,2.13,3,2,25.24
54,Female,69.3,1.68,170,145,74,1.18,610.3,Cardio,34.1,2.29,2,1,24.55
32,Female,60.5,1.59,193,159,56,0.54,216.9,Cardio,32.9,1.62,3,2,23.93
52,Female,61.9,1.59,190,147,65,1.29,233.5,Yoga,24.0,1.87,5,2,24.48
45,Female,58.4,1.61,181,124,72,0.93,377.4,Cardio,24.9,2.04,1,1,22.53
24,Male,55.7,1.78,179,112,60,1.05,375.8,Strength,25.0,2.64,1,2,17.58
49,Female,56.7,1.59,171,122,64,0.77,307.1,Cardio,24.7,1.82,1,1,22.43
28,Female,67.1,1.61,197,159,71,1.22,220.8,Yoga,27.3,2.05,6,3,25.89
27,Male,67.8,1.7,178,139,65,1.47,778.9,Cardio,23.4,2.33,3,3,23.46
26,Female,63.0,1.57,171,143,73,0.74,188.3,Yoga,27.0,2.47,2,1,25.56
31,Female,52.7,1.56,192,145,71,1.1,332.4,Strength,37.2,2.4,5,3,21.66
30,Female,72.5,1.61,193,118,58,0.93,486.0,Cardio,34.2,2.42,2,1,27.97
42,Male,44.6,1.67,199,126,68,1.07,128.0,Yoga,25.7,1.55,4,1,15.99
19,Male,69.3,1.68,191,123,74,0.86,330.3,Strength,19.9,1.77,2,3,24.55
52,Female,81.0,1.66,183,133,58,1.47,832.5,Cardio,31.5,2.15,3,2,29.39
24,Female,72.1,1.55,180,122,68,0.79,532.0,HIIT,27.7,2.31,5,2,30.01
38,Male,77.3,1.83,192,146,58,0.56,196.0,Yoga,25.1,2.03,1,1,23.08
35,Female,45.5,1.56,180,137,60,0.5,149.3,Strength,22.2,2.12,4,1,18.7
20,Female,85.2,1.7,186,126,63,1.25,549.2,Strength,29.4,1.69,4,3,29.48
59,Male,75.4,1.78,173,115,66,0.49,350.7,HIIT,29.9,2.13,3,1,23.8
56,Female,61.3,1.62,182,114,62,0.52,294.7,HIIT,33.4,2.01,4,1,23.36
58,Male,71.4,1.87,176,136,58,0.86,202.1,Yoga,25.0,1.74,4,2,20.42
28,Male,58.9,1.76,185,129,59,1.03,513.2,HIIT,24.2,2.06,3,2,19.01
56,Male,77.7,1.72,170,116,60,1.05,594.5,Cardio,23.9,1.86,4,2,26.26
41,Female,71.8,1.64,182,145,59,1.0,250.7,Yoga,27.8,2.07,2,1,26.7
36,Male,76.8,1.76,170,132,73,0.99,511.1,Cardio,24.8,2.23,3,1,24.79
21,Male,56.3,1.64,180,131,62,0.95,371.7,Cardio,11.4,2.49,1,1,20.93
43,Male,60.5,1.75,175,137,63,1.2,393.0,Strength,32.6,1.94,5,3,19.76
55,Male,55.3,1.74,189,151,69,0.38,157.0,Strength,22.3,1.59,4,1,18.27
59,Female,54.3,1.58,172,131,58,0.63,295.1,Cardio,33.8,1.55,3,2,21.75
49,Male,66.2,1.82,181,128,63,1.2,638.4,HIIT,24.1,2.45,5,2,19.99
56,Male,49.6,1.7,174,121,61,1.42,432.3,Strength,20.2,1.88,7,3,17.16
53,Female,69.0,1.61,178,140,62,1.13,481.6,Strength,30.2,2.23,4,3,26.62
57,Male,56.7,1.74,195,142,69,0.46,279.3,HIIT,15.6,1.41,3,1,18.73
54,Male,86.5,1.76,195,152,73,0.54,239.1,Strength,24.7,1.84,3,1,27.92
50,Male,81.0,1.78,181,149,69,1.03,598.7,Cardio,24.4,2.46,4,2,25.56
53,Male,69.4,1.66,199,160,59,0.79,336.7,Cardio,23.4,1.82,3,1,25.19
20,Male,95.0,1.76,199,136,73,1.21,261.1,Yoga,19.3,2.29,3,2,30.67
26,Male,68.8,1.91,197,124,61,0.91,441.7,Cardio,22.5,1.78,3,2,18.86
25,Male,74.0,1.64,196,127,60,1.2,497.8,Strength,17.5,2.19,3,3,27.51
50,Female,62.1,1.65,179,143,73,0.98,346.1,Strength,26.8,1.62,2,1,22.81
23,Male,114.8,1.83,188,133,71,0.82,557.3,Strength,18.3,2.2,5,3,34.28
58,Female,67.3,1.73,174,115,64,0.81,519.6,Cardio,17.6,1.86,2,1,22.49
56,Female,59.4,1.65,195,126,73,0.93,291.9,Strength,25.0,2.0,4,2,21.82
21,Male,64.2,1.58,174,121,65,0.89,276.1,Strength,11.8,2.05,2,1,25.72
30,Female,57.8,1.58,178,118,69,1.1,212.6,Yoga,26.8,1.57,3,2,23.15
19,Male,60.6,1.7,196,124,64,0.61,278.2,Cardio,23.8,1.66,1,1,20.97
22,Female,54.8,1.65,197,149,65,1.15,328.1,Strength,39.0,2.23,6,3,20.13
44,Male,91.4,1.75,195,113,57,0.79,438.7,Strength,16.4,1.93,5,3,29.84
49,Male,70.6,1.91,196,118,57,1.4,518.2,Strength,13.3,2.99,7,3,19.35
38,Male,79.8,1.79,189,153,72,0.8,569.4,HIIT,24.3,2.36,4,1,24.91
25,Female,68.7,1.56,186,149,65,1.53,763.0,Cardio,29.9,2.46,6,3,28.23
55,Male,76.4,1.64,179,128,74,0.92,474.2,Cardio,18.7,1.75,2,2,28.41
25,Female,56.7,1.62,190,123,72,0.93,406.2,HIIT,33.5,1.91,1,1,21.6
20,Male,75.9,1.81,170,134,69,0.54,237.1,Strength,25.2,2.02,3,1,23.17
20,Female,60.2,1.64,191,129,61,0.25,138.6,Strength,28.2,1.67,1,1,22.38
39,Male,52.2,1.71,197,119,64,0.73,316.1,Cardio,21.8,2.32,2,1,17.85
23,Female,73.8,1.68,185,125,74,0.89,519.7,Cardio,16.7,2.05,6,2,26.15
19,Male,77.4,1.79,195,123,64,1.04,554.5,Cardio,21.2,2.16,6,3,24.16
40,Male,96.4,1.8,195,145,67,0.93,661.7,Cardio,20.3,2.55,2,1,29.75
19,Male,70.9,1.85,184,151,69,1.24,432.9,Strength,24.3,1.92,1,2,20.72
55,Male,80.0,1.68,192,153,72,1.27,311.6,Yoga,12.4,2.78,3,3,28.34
34,Female,73.3,1.6,186,134,58,0.71,434.7,Cardio,27.0,2.16,2,1,28.63
52,Male,73.2,1.74,195,140,74,1.26,570.7,Strength,18.2,3.23,4,3,24.18
51,Female,39.4,1.57,189,144,71,0.87,331.0,Cardio,27.8,1.81,2,2,15.98
40,Male,69.5,1.78,194,133,57,1.11,469.4,Strength,22.6,2.65,5,2,21.94
47,Male,98.7,1.78,182,117,56,0.44,335.4,Cardio,17.3,1.8,2,1,31.15
25,Male,80.7,1.79,170,129,58,0.79,226.2,Yoga,10.3,1.92,4,2,25.19
39,Male,75.6,1.68,194,153,55,0.59,428.7,HIIT,14.8,1.95,3,1,26.79
53,Female,64.4,1.65,177,126,69,1.11,182.2,Yoga,14.2,2.2,4,2,23.65
22,Male,79.1,1.85,174,138,55,0.69,103.1,Yoga,16.7,1.68,2,1,23.11
30,Male,49.5,1.73,175,123,60,1.52,454.5,Strength,21.9,2.37,4,3,16.54
46,Female,56.4,1.44,192,132,61,0.91,369.7,Strength,27.6,2.14,2,1,27.2
48,Female,80.9,1.69,189,121,73,0.59,384.7,Cardio,25.5,1.73,2,1,28.33
33,Male,64.0,1.78,199,152,66,1.13,327.4,Strength,20.4,2.34,6,2,20.2
59,Male,74.6,1.79,183,142,55,0.67,129.2,Yoga,15.9,1.81,3,1,23.28
47,Female,60.4,1.63,191,143,61,1.09,471.8,Cardio,30.5,2.29,4,2,22.73
33,Male,65.7,1.6,192,127,73,1.42,205.6,Yoga,32.3,2.45,5,3,25.66
29,Male,64.6,1.72,180,116,67,1.22,384.0,Strength,17.6,2.37,3,2,21.84
34,Male,87.8,1.78,175,131,66,0.79,206.6,Yoga,15.8,1.57,4,1,27.71
33,Female,69.4,1.69,180,128,66,1.32,285.3,Yoga,22.1,2.62,3,2,24.3
29,Female,49.0,1.75,182,130,67,1.09,441.2,HIIT,25.7,1.89,3,2,16.0
25,Male,73.6,1.69,181,151,68,1.28,791.0,HIIT,18.6,2.21,4,3,25.77
37,Male,79.9,1.69,191,148,66,0.69,354.9,Strength,8.0,1.72,4,1,27.98
20,Male,63.5,1.81,171,127,74,0.87,481.9,HIIT,19.8,2.04,3,2,19.38
33,Female,64.0,1.58,190,116,66,1.08,197.8,Yoga,38.0,2.11,2,2,25.64
47,Male,95.9,1.75,172,106,60,0.77,642.7,HIIT,16.6,2.16,3,1,31.31
40,Male,78.3,1.79,192,146,64,0.8,318.1,Strength,8.0,1.99,2,1,24.44
45,Female,70.4,1.57,173,143,74,0.85,385.5,Strength,18.8,1.89,2,1,28.56
57,Male,79.4,1.89,186,143,63,1.3,893.8,HIIT,11.2,1.74,5,3,22.23
22,Female,63.6,1.63,197,132,56,1.65,591.9,Strength,30.9,2.76,6,3,23.94
37,Male,72.6,1.77,197,117,61,0.89,581.9,HIIT,14.6,2.19,4,2,23.17
57,Male,59.7,1.63,191,158,63,0.84,201.5,Strength,27.5,2.28,2,1,22.47
18,Male,69.3,1.72,175,147,66,0.7,363.1,Cardio,17.3,1.86,2,1,23.42
47,Female,42.0,1.55,176,128,59,0.76,116.1,Strength,18.4,2.06,5,3,17.48
38,Female,62.5,1.66,184,110,55,1.21,446.8,Strength,25.5,2.03,3,3,22.68
37,Female,80.9,1.66,180,134,69,1.06,577.3,Cardio,38.5,1.91,3,3,29.36
23,Male,60.3,1.73,193,155,62,0.99,455.8,Cardio,27.4,2.01,4,2,20.15
39,Female,61.8,1.77,172,130,55,0.74,237.6,Strength,34.5,2.22,1,1,19.73
35,Male,78.6,1.8,199,155,72,1.33,734.7,Cardio,18.7,2.22,4,3,24.26
25,Male,77.5,1.78,175,113,67,0.64,284.8,Strength,33.6,1.87,2,1,24.46
56,Female,70.3,1.66,195,116,55,0.67,365.0,HIIT,32.4,1.97,3,1,25.51
49,Male,69.7,1.72,171,109,59,1.14,235.6,Yoga,21.4,2.19,3,2,23.56
50,Male,66.1,1.65,198,162,72,0.59,382.3,HIIT,18.7,2.16,4,1,24.28
33,Male,71.6,1.78,183,136,70,0.38,123.3,Yoga,8.0,1.5,3,1,22.6
29,Male,66.1,1.87,178,141,64,0.78,445.5,HIIT,25.2,2.0,4,1,18.9
55,Male,62.2,1.62,187,115,58,0.96,422.4,Cardio,30.0,2.22,1,1,23.7
51,Female,64.6,1.55,188,151,55,1.39,748.5,HIIT,21.5,1.84,6,3,26.89
31,Male,78.9,1.74,181,144,62,0.79,531.0,HIIT,16.7,2.05,2,1,26.06
53,Female,45.8,1.64,182,118,59,1.0,192.8,Strength,30.4,2.5,4,1,17.03
50,Female,62.4,1.58,195,154,56,0.97,458.6,Cardio,20.1,1.98,4,1,25.0
40,Male,61.9,1.74,181,125,71,0.68,412.5,HIIT,21.9,1.58,1,1,20.45
19,Male,88.5,1.73,181,118,61,0.8,497.7,Cardio,24.1,2.12,3,1,29.57
58,Male,84.7,1.83,187,128,71,1.06,457.9,Strength,21.2,2.19,4,2,25.29
38,Female,71.5,1.61,178,145,60,0.73,392.6,Cardio,23.2,2.39,4,1,27.58
19,Male,77.2,1.79,186,153,69,1.23,494.3,Strength,20.8,2.37,2,2,24.09
44,Female,60.8,1.6,190,126,59,1.22,440.1,Strength,41.0,1.95,5,3,23.75
26,Male,99.3,1.82,185,144,69,0.9,728.5,Cardio,37.5,1.74,4,2,29.98
18,Female,75.0,1.64,186,145,72,0.25,80.0,Strength,33.2,1.91,3,1,27.89
28,Male,69.9,1.69,190,153,72,0.59,200.1,Strength,21.4,1.96,3,1,24.47
20,Male,75.2,1.8,193,127,60,0.99,611.6,HIIT,17.8,2.08,6,3,23.21
40,Female,49.0,1.69,177,126,56,0.99,151.4,Yoga,38.6,2.15,3,2,17.16
43,Female,71.4,1.68,180,140,71,1.0,400.9,Strength,36.7,2.23,5,3,25.3
21,Male,70.3,1.73,193,113,58,1.37,856.0,HIIT,18.8,2.43,5,3,23.49
35,Female,68.0,1.61,171,122,66,1.47,557.6,Strength,21.8,1.93,4,3,26.23
23,Male,77.4,1.68,177,140,73,1.24,493.0,Strength,26.2,2.61,4,3,27.42
52,Female,83.6,1.7,181,117,56,0.8,420.7,Cardio,26.1,2.37,4,2,28.93
39,Female,68.2,1.64,190,155,56,0.81,277.4,Strength,25.3,2.53,2,1,25.36
32,Male,57.3,1.7,170,110,68,1.63,443.7,Strength,16.6,2.96,5,3,19.83
39,Male,53.6,1.83,192,159,69,1.32,480.1,Cardio,21.9,2.72,5,2,16.01
54,Male,63.4,1.75,182,125,74,0.47,280.6,HIIT,15.8,1.7,2,1,20.7
59,Male,99.3,1.84,191,112,56,0.71,636.9,HIIT,16.5,2.02,5,2,29.33
29,Female,84.2,1.64,190,124,58,0.66,238.7,Strength,27.6,2.25,3,2,31.31
59,Male,70.6,1.75,186,149,73,1.02,566.6,Cardio,15.9,1.57,5,3,23.05
55,Male,57.5,1.78,183,143,63,1.05,328.6,Strength,23.8,2.06,5,2,18.15
35,Female,49.5,1.52,183,119,61,0.64,124.5,Strength,24.8,1.37,2,1,21.42
52,Female,79.6,1.67,185,122,67,1.08,759.1,HIIT,28.1,2.23,4,3,28.54
47,Male,55.4,1.6,186,141,66,1.46,427.3,Strength,12.9,2.76,4,3,21.64
41,Male,97.2,1.92,175,123,57,1.11,936.3,HIIT,20.9,2.17,4,2,26.37
59,Male,80.8,1.81,195,154,67,0.41,131.9,Yoga,22.9,1.58,4,1,24.66
47,Male,81.3,1.74,197,121,69,0.95,518.5,Cardio,24.9,2.15,1,1,26.85
31,Female,81.1,1.61,176,134,68,1.1,275.0,Yoga,22.1,2.28,4,2,31.29
23,Male,75.3,1.69,195,150,63,0.86,307.1,Strength,19.5,2.16,2,1,26.36
20,Female,63.7,1.61,195,163,67,0.64,295.5,Cardio,28.6,1.52,2,1,24.57
33,Male,105.0,1.82,170,129,58,0.96,572.2,Strength,23.6,2.15,3,2,31.7
24,Female,65.8,1.61,194,126,62,0.61,303.1,Cardio,25.4,1.92,3,2,25.38
31,Female,50.7,1.56,184,113,57,0.92,343.1,Cardio,32.1,2.34,4,1,20.83
26,Female,71.1,1.63,189,139,56,0.55,208.3,Strength,30.7,1.81,4,1,26.76
32,Male,71.9,1.67,190,141,73,0.58,332.8,HIIT,19.0,2.44,3,1,25.78
38,Male,80.5,1.88,187,151,62,0.82,155.9,Yoga,16.4,2.02,3,2,22.78
52,Male,70.3,1.79,199,155,71,1.11,714.3,HIIT,17.7,2.02,2,1,21.94
19,Female,62.8,1.66,197,142,67,0.62,233.2,Cardio,25.0,1.57,3,1,22.79
44,Female,56.0,1.6,195,134,61,1.19,540.1,HIIT,21.4,2.06,5,2,21.87
19,Female,54.4,1.54,182,127,63,1.25,436.0,Strength,25.0,2.01,4,3,22.94
52,Female,58.2,1.68,193,127,66,0.83,424.4,HIIT,14.0,1.95,3,2,20.62
35,Female,70.4,1.66,199,121,68,0.55,373.9,HIIT,36.2,2.34,2,1,25.55
31,Male,81.8,1.8,171,130,68,0.62,187.1,Yoga,23.3,1.43,3,1,25.25
37,Female,61.0,1.55,188,125,69,1.24,423.5,Strength,27.1,1.83,4,3,25.39
35,Male,66.2,1.67,184,117,57,0.87,503.3,HIIT,13.9,1.95,2,1,23.74
27,Male,72.1,1.76,181,119,69,0.91,463.6,Cardio,34.5,1.64,4,2,23.28
42,Male,82.0,1.66,184,125,73,0.65,224.2,Yoga,26.4,1.6,2,1,29.76
19,Male,63.7,1.62,194,123,74,0.57,242.2,Cardio,25.9,1.94,1,1,24.27
42,Male,90.0,1.76,187,144,68,1.01,669.3,Cardio,13.3,2.09,3,3,29.05
50,Female,50.6,1.59,183,127,62,0.74,299.9,Cardio,21.8,2.08,3,2,20.02
53,Male,85.4,1.8,175,128,59,1.2,932.3,HIIT,27.4,2.4,3,2,26.36
48,Female,50.6,1.55,181,140,73,0.64,223.8,Strength,26.4,2.29,3,1,21.06
31,Male,55.1,1.59,189,155,58,0.66,187.1,Strength,26.8,2.01,3,1,21.8
18,Male,66.9,1.73,192,121,68,0.87,201.5,Yoga,30.7,2.38,2,2,22.35
33,Male,68.5,1.76,199,140,70,0.94,121.4,Yoga,24.0,2.1,4,2,22.11
20,Male,70.1,1.78,199,135,74,0.82,374.1,Strength,12.6,2.11,2,1,22.12
52,Female,81.5,1.68,175,125,60,0.65,430.9,Cardio,20.3,2.0,1,1,28.88
58,Male,68.3,1.68,195,157,60,0.79,473.4,HIIT,18.6,2.06,3,1,24.2
23,Female,56.0,1.5,199,150,57,1.53,274.6,Yoga,28.5,2.48,6,3,24.89
42,Male,73.4,1.82,178,138,69,0.84,379.2,Strength,25.4,2.55,4,2,22.16
30,Female,61.7,1.5,199,136,57,1.16,357.2,Strength,40.2,2.41,4,3,27.42
51,Female,68.4,1.64,194,147,65,0.88,432.8,Cardio,30.0,1.89,4,1,25.43
25,Female,64.2,1.68,195,114,57,1.55,843.4,HIIT,32.0,3.13,5,3,22.75
